,Record Type,College Student ID,CIP Code,Comprehensive Transition and Postsecondary (CTP) Program Indicator,Approved Prison Education Program Indicator,Total Amount Student Received in Private Education Loans During Students Entire Enrollmentin the Program,Total Amount of Institutional Debt During Students Entire Enrollment in the Program,Total Amount of Tution & Fees Assessed During Students Entire Enrollment in the Program,"Total Amount of Allowance for books, supplies",Total Amount of Grants and Scholarships the student received During Students Entire Enrollment in the Program,Annual Cost of Attendance (COA),Tuition and Fees Amount for Award Year being Reported,Residency Tuition Status by State or District,"Allowance for Books, Supplies, and Equipment",Allowance for Housing and Food,Institutional Grants and Scholarships,"Other State, Tribal, or Private Grants",Private Loans Amount,Invalid Flag,GE Program Flag
0,TA,5073328,520201,N,N,0,0,50316,5250,0,,,,,,,,,N,N
1,TA,5120607,520301,N,N,0,0,13796,800,0,,,,,,,,,N,N
2,TA,5227432,440701,N,N,0,0,138988,1600,0,,,,,,,,,N,N
3,TA,5421790,440701,N,N,0,0,72100,800,0,,,,,,,,,N,N
4,TA,5601942,440701,N,N,0,0,87844,1600,0,,,,,,,,,N,N
5,TA,5691450,440701,N,N,0,0,99710,1600,0,,,,,,,,,N,N
6,TA,5734939,510000,N,N,0,0,115124,800,14000,,,,,,,,,N,N
7,TA,5826771,440701,N,N,0,0,87644,1600,0,,,,,,,,,N,N
8,TA,5857372,440701,N,N,0,0,44438,800,0,,,,,,,,,N,N
9,TA,5885610,260101,N,N,23345,0,355958,1200,24000,,,,,,,,,N,N
10,TA,5885610,510000,N,N,23345,0,355958,1200,24000,,,,,,,,,N,N
11,TA,5887952,520201,N,N,0,0,588582,3250,108391,,,,,,,,,N,N
12,TA,5891172,520301,N,N,40000,0,258164,2400,45676,,,,,,,,,N,N
13,TA,5930237,513801,N,N,15000,0,114147,800,0,,,,,,,,,N,N
14,TA,5949366,513801,N,N,0,0,498179,3200,166260,,,,,,,,,N,N
15,TA,6017588,520201,N,N,0,0,426728,5200,149136,,,,,,,,,N,N
16,TA,6029556,513801,N,N,0,0,590928,3200,131580,,,,,,,,,N,N
17,TA,6079363,513801,N,N,33566,0,520896,4400,145375,,,,,,,,,N,N
18,TA,6092685,440701,N,N,0,0,44438,800,0,,,,,,,,,N,N
19,TA,6127269,513801,N,N,0,0,169656,800,0,,,,,,,,,N,N
20,TA,6132398,510000,N,N,20000,0,457344,3200,99115,,,,,,,,,N,N
21,TA,6133938,510000,N,N,0,0,37544,400,0,,,,,,,,,N,N
22,TA,6140005,420101,N,N,0,0,676485,5250,108814,,,,,,,,,N,N
23,TA,6153597,520201,N,N,0,0,316998,3200,84978,,,,,,,,,N,N
24,TA,6154595,520201,N,N,0,0,351129,3200,157267,,,,,,,,,N,N
25,TA,6160143,520301,N,N,0,0,27052,800,0,,,,,,,,,N,N
26,TA,6163738,513801,N,N,0,0,448217,3200,88711,,,,,,,,,N,N
27,TA,6165895,513801,N,N,30000,0,494875,4400,104000,,,,,,,,,N,N
28,TA,6166924,520301,N,N,0,0,486561,5200,115000,,,,,,,,,N,N
29,TA,6167542,520201,N,N,48162,0,625022,2400,45000,,,,,,,,,N,N
30,TA,6167542,520301,N,N,48162,0,625022,2400,45000,,,,,,,,,N,N
31,TA,6167544,520201,N,N,0,0,409375,4000,86000,,,,,,,,,N,N
32,TA,6168076,520201,N,N,4000,0,450488,4000,144522,,,,,,,,,N,N
33,TA,6168275,510000,N,N,0,0,755401,4000,75000,,,,,,,,,N,N
34,TA,6168892,510000,N,N,0,0,664726,4000,44810,,,,,,,,,N,N
35,TA,6168895,520301,N,N,0,0,473582,3200,151288,,,,,,,,,N,N
36,TA,6170007,513801,N,N,0,0,752155,3200,112760,,,,,,,,,N,N
37,TA,6170057,510000,N,N,0,0,88412,2400,52114,,,,,,,,,N,N
38,TA,6170309,260101,N,N,0,0,838929,4400,103008,,,,,,,,,N,N
39,TA,6170375,513801,N,N,0,0,481389,3200,88000,,,,,,,,,N,N
40,TA,6171371,520201,N,N,0,0,461503,4000,80000,,,,,,,,,N,N
41,TA,6171383,440701,N,N,0,0,79832,800,0,,,,,,,,,N,N
42,TA,6173677,510000,N,N,0,0,383686,3200,80000,,,,,,,,,N,N
43,TA,6173813,420101,N,N,0,0,787736,3200,100560,,,,,,,,,N,N
44,TA,6173834,513801,N,N,0,0,367659,3200,103378,,,,,,,,,N,N
45,TA,6173838,513801,N,N,87118,0,349653,3200,98777,,,,,,,,,N,N
46,TA,6173847,513801,N,N,0,0,320431,3200,85000,,,,,,,,,N,N
47,TA,6173857,510000,N,N,0,0,518579,2800,80876,,,,,,,,,N,N
48,TA,6173859,420101,N,N,0,0,4810,800,0,,,,,,,,,N,N
49,TA,6173870,512313,N,N,0,0,581448,3200,84000,,,,,,,,,N,N
50,TA,6173885,513801,N,N,0,0,419838,3200,84000,,,,,,,,,N,N
51,TA,6173888,513801,N,N,0,0,513019,3200,98000,,,,,,,,,N,N
52,TA,6173998,513801,N,N,0,0,287180,2400,66000,,,,,,,,,N,N
53,TA,6174106,513801,N,N,0,0,426634,3200,104008,,,,,,,,,N,N
54,TA,6174109,513801,N,N,0,0,525546,3200,119392,,,,,,,,,N,N
55,TA,6174110,420101,N,N,0,0,888604,2400,96122,,,,,,,,,N,N
56,TA,6174112,520201,N,N,20414,0,311622,3200,90983,,,,,,,,,N,N
57,TA,6174257,520201,N,N,0,0,487738,3200,120624,,,,,,,,,N,N
58,TA,6174278,512313,N,N,42215,0,491631,3200,117274,,,,,,,,,N,N
59,TA,6174283,513801,N,N,68177,0,141047,800,0,,,,,,,,,N,N
60,TA,6174382,513801,N,N,0,0,683168,2800,99646,,,,,,,,,N,N
61,TA,6174395,513801,N,N,16000,0,417872,3200,97688,,,,,,,,,N,N
62,TA,6174501,513801,N,N,2100,0,487598,3200,86000,,,,,,,,,N,N
63,TA,6174512,420101,N,N,0,0,512894,3200,89422,,,,,,,,,N,N
64,TA,6174589,510000,N,N,0,0,509832,3200,110298,,,,,,,,,N,N
65,TA,6174611,520301,N,N,0,0,370143,3200,111592,,,,,,,,,N,N
66,TA,6174625,513801,N,N,0,0,486637,3200,93000,,,,,,,,,N,N
67,TA,6174754,513801,N,N,0,0,455395,3200,117122,,,,,,,,,N,N
68,TA,6174787,510000,N,N,0,0,397481,2000,50000,,,,,,,,,N,N
69,TA,6174826,512313,N,N,0,0,557347,3200,105460,,,,,,,,,N,N
70,TA,6175150,520301,N,N,0,0,503542,3200,138454,,,,,,,,,N,N
71,TA,6175162,513801,N,N,0,0,382401,3200,111378,,,,,,,,,N,N
72,TA,6175360,513801,N,N,0,0,428103,3200,108804,,,,,,,,,N,N
73,TA,6175374,260101,N,N,0,0,619546,3200,109496,,,,,,,,,N,N
74,TA,6175416,510000,N,N,0,0,551147,3200,144000,,,,,,,,,N,N
75,TA,6175421,520301,N,N,0,0,468203,3200,122408,,,,,,,,,N,N
76,TA,6175450,510000,N,N,0,0,428674,3200,109550,,,,,,,,,N,N
77,TA,6175466,513801,N,N,0,0,571445,3200,93939,,,,,,,,,N,N
78,TA,6175475,512313,N,N,0,0,562461,3200,101530,,,,,,,,,N,N
79,TA,6175789,510000,N,N,0,0,497327,3200,107000,,,,,,,,,N,N
80,TA,6175855,513801,N,N,0,0,374938,3200,84000,,,,,,,,,N,N
81,TA,6175858,512313,N,N,110900,0,507668,3200,85000,,,,,,,,,N,N
82,TA,6176057,420101,N,N,0,0,336954,2400,49944,,,,,,,,,N,N
83,TA,6176063,513801,N,N,0,0,11646,0,0,,,,,,,,,N,N
84,TA,6176118,520201,N,N,0,0,383216,3200,96694,,,,,,,,,N,N
85,TA,6176337,513801,N,N,0,0,538196,3200,92000,,,,,,,,,N,N
86,TA,6176356,520201,N,N,0,0,342887,3200,80000,,,,,,,,,N,N
87,TA,6176427,520201,N,N,0,0,393898,3200,66000,,,,,,,,,N,N
88,TA,6176460,420101,N,N,46377,0,575237,3200,114200,,,,,,,,,N,N
89,TA,6176710,260101,N,N,18360,0,451861,3200,106629,,,,,,,,,N,N
90,TA,6176944,513801,N,N,0,0,399828,3200,30616,,,,,,,,,N,N
91,TA,6177146,520301,N,N,0,0,309733,2800,71356,,,,,,,,,N,N
92,TA,6177442,510000,N,N,0,0,779848,3200,98543,,,,,,,,,N,N
93,TA,6177677,520301,N,N,0,0,449756,2800,96685,,,,,,,,,N,N
94,TA,6177856,260101,N,N,0,0,568189,3200,98943,,,,,,,,,N,N
95,TA,6178055,513801,N,N,0,0,142754,800,26537,,,,,,,,,N,N
96,TA,6178330,512313,N,N,0,0,385511,2400,97031,,,,,,,,,N,N
97,TA,6178453,512313,N,N,0,0,321312,2000,21414,,,,,,,,,N,N
98,TA,6178505,260101,N,N,0,0,340119,2000,45000,,,,,,,,,N,N
99,TA,6179879,510000,N,N,0,0,288805,2000,85235,,,,,,,,,N,N
100,TA,6180384,512313,N,N,0,0,330274,2400,91055,,,,,,,,,N,N
101,TA,6180668,260101,N,N,0,0,184696,1200,21240,,,,,,,,,N,N
102,TA,6180836,520201,N,N,12000,0,517117,2400,97386,,,,,,,,,N,N
103,TA,6180885,420101,N,N,0,0,823265,2000,33425,,,,,,,,,N,N
104,TA,6180918,260101,N,N,0,0,405375,2000,26993,,,,,,,,,N,N
105,TA,6180923,260101,N,N,0,0,300994,2400,70934,,,,,,,,,N,N
106,TA,6180935,520201,N,N,0,0,262050,2000,63566,,,,,,,,,N,N
107,TA,6180981,520201,N,N,0,0,275383,2400,55733,,,,,,,,,N,N
108,TA,6181073,520201,N,N,0,0,41559,400,11978,,,,,,,,,N,N
109,TA,6181160,440701,N,N,0,0,97970,1600,0,,,,,,,,,N,N
110,TA,6181169,512313,N,N,0,0,355797,2400,89600,,,,,,,,,N,N
111,TA,6181472,513801,N,N,0,0,201324,2400,75590,,,,,,,,,N,N
112,TA,6181628,260101,N,N,0,0,101195,1200,36000,,,,,,,,,N,N
113,TA,6181656,513801,N,N,13303,0,295519,1600,66006,,,,,,,,,N,N
114,TA,6181672,260101,N,N,0,0,270054,1200,36504,,,,,,,,,N,N
115,TA,6181765,513801,N,N,0,0,151447,800,0,,,,,,,,,N,N
116,TA,6181869,260101,N,N,0,0,179803,1600,62591,,,,,,,,,N,N
117,TA,6182012,513801,N,N,0,0,342018,1200,45059,,,,,,,,,N,N
118,TA,6182033,520301,N,N,0,0,160106,1200,44876,,,,,,,,,N,N
119,TA,6182071,520301,N,N,0,0,95490,1600,62000,,,,,,,,,N,N
120,TA,6182108,513801,N,N,0,0,141301,800,0,,,,,,,,,N,N
121,TA,6182141,520201,N,N,0,0,184730,1200,37500,,,,,,,,,N,N
122,TA,6182172,260101,N,N,0,0,108125,1200,41607,,,,,,,,,N,N
123,TA,6182328,520201,N,N,0,0,135262,1200,28074,,,,,,,,,N,N
124,TA,6182429,260101,N,N,0,0,197156,1600,50512,,,,,,,,,N,N
125,TA,6182559,513801,N,N,0,0,167647,800,24811,,,,,,,,,N,N
126,TA,6182649,260101,N,N,0,0,278612,1200,36428,,,,,,,,,N,N
127,TA,6183031,260101,N,N,0,0,238828,1600,52920,,,,,,,,,N,N
128,TA,6183263,260101,N,N,0,0,230579,1200,33000,,,,,,,,,N,N
129,TA,6183734,512313,N,N,0,0,241306,800,25383,,,,,,,,,N,N
130,TA,6183797,513801,N,N,0,0,106047,800,0,,,,,,,,,N,N
131,TA,6184107,440701,N,N,0,0,86948,1600,0,,,,,,,,,N,N
132,TA,6184281,513801,N,N,63145,0,114147,800,0,,,,,,,,,N,N
133,TA,6184414,440701,N,N,0,0,87944,1600,0,,,,,,,,,N,N
134,TA,6184599,260101,N,N,0,0,288130,1600,68308,,,,,,,,,N,N
135,TA,6184661,440701,N,N,0,0,114336,1600,0,,,,,,,,,N,N
136,TA,6184697,440701,N,N,0,0,102848,1600,0,,,,,,,,,N,N
137,TA,6184704,440701,N,N,0,0,109444,1600,0,,,,,,,,,N,N
138,TA,6184961,520201,N,N,0,0,135840,800,29000,,,,,,,,,N,N
139,TA,6184977,440701,N,N,0,0,113816,1600,0,,,,,,,,,N,N
140,TA,6185026,440701,N,N,0,0,96482,1600,0,,,,,,,,,N,N
141,TA,6185039,440701,N,N,18398,0,73068,1600,0,,,,,,,,,N,N
142,TA,6186217,440701,N,N,0,0,84934,1600,0,,,,,,,,,N,N
143,TA,6186333,260101,N,N,0,0,145924,800,32457,,,,,,,,,N,N
144,TA,6186570,260101,N,N,5000,0,32666,400,14924,,,,,,,,,N,N
145,TA,6186639,520201,N,N,0,0,45436,400,20500,,,,,,,,,N,N
146,TA,6186670,440701,N,N,0,0,84836,800,0,,,,,,,,,N,N
147,TA,6186746,513801,N,N,0,0,183199,800,37519,,,,,,,,,N,N
148,TA,6186756,520201,N,N,13000,0,80975,800,33000,,,,,,,,,N,N
149,TA,6186764,260101,N,N,0,0,190379,800,32227,,,,,,,,,N,N
150,TA,6186764,520301,N,N,0,0,190379,800,32227,,,,,,,,,N,N
151,TA,6186772,420101,N,N,0,0,188381,1200,38264,,,,,,,,,N,N
152,TA,6186849,513801,N,N,9139,0,105129,400,13000,,,,,,,,,N,N
153,TA,6186870,520201,N,N,0,0,71703,400,15500,,,,,,,,,N,N
154,TA,6186904,260101,N,N,0,0,48149,400,12500,,,,,,,,,N,N
155,TA,6186918,260101,N,N,5000,0,68916,400,17400,,,,,,,,,N,N
156,TA,6186945,510000,N,N,0,0,220344,800,25100,,,,,,,,,N,N
157,TA,6186998,513801,N,N,27000,0,192630,800,21000,,,,,,,,,N,N
158,TA,6187036,510000,N,N,0,0,89838,400,24000,,,,,,,,,N,N
159,TA,6187301,513801,N,N,0,0,87469,400,17752,,,,,,,,,N,N
160,TA,6187339,513801,N,N,0,0,149692,800,26000,,,,,,,,,N,N
161,TA,6187424,513801,N,N,0,0,166199,400,11500,,,,,,,,,N,N
162,TA,6187631,260101,N,N,0,0,39872,400,0,,,,,,,,,N,N
163,TA,6187720,510000,N,N,12072,0,78498,400,12215,,,,,,,,,N,N
164,TA,6187851,513801,N,N,0,0,129096,400,15000,,,,,,,,,N,N
165,TA,6187869,510000,N,N,0,0,69292,400,20056,,,,,,,,,N,N
166,TA,6188062,520301,N,N,0,0,139785,800,27236,,,,,,,,,N,N
167,TA,6188073,520201,N,N,0,0,81665,800,29000,,,,,,,,,N,N
168,TA,6188095,260101,N,N,0,0,72168,400,18500,,,,,,,,,N,N
169,TA,6188166,260101,N,N,10484,0,50646,400,12024,,,,,,,,,N,N
170,TA,6188357,420101,N,N,0,0,200305,800,24848,,,,,,,,,N,N
171,TA,6188437,420101,N,N,0,0,42453,400,12537,,,,,,,,,N,N
172,TA,6188544,440701,N,N,0,0,73690,800,0,,,,,,,,,N,N
173,TA,6188752,260101,N,N,0,0,51579,400,0,,,,,,,,,N,N
174,TA,6188789,420101,N,N,0,0,114389,400,13550,,,,,,,,,N,N
175,TA,6188789,513801,N,N,0,0,114389,400,13550,,,,,,,,,N,N
176,TA,6188797,440701,N,N,0,0,59264,800,0,,,,,,,,,N,N
177,TA,6189126,440701,N,N,0,0,44438,800,0,,,,,,,,,N,N
178,TA,6189222,440701,N,N,0,0,59064,800,0,,,,,,,,,N,N
179,TA,6189365,440701,N,N,0,0,56304,800,0,,,,,,,,,N,N
180,TA,6189421,440701,N,N,0,0,70210,800,0,,,,,,,,,N,N
181,TA,6189461,440701,N,N,0,0,42598,800,0,,,,,,,,,N,N
182,TA,6189482,420101,N,N,0,0,111049,800,23360,,,,,,,,,N,N
183,TA,6189523,440701,N,N,0,0,100382,800,0,,,,,,,,,N,N
184,TA,6189529,520201,N,N,0,0,110735,800,12000,,,,,,,,,N,N
185,TA,6189597,520301,N,N,0,0,135200,400,26316,,,,,,,,,N,N
186,TA,6189635,440701,N,N,0,0,44528,400,0,,,,,,,,,N,N
187,AA,5552821,513801,,,,,,,,59302,112740,OS,800,12060,0,0,0,N,N
188,AA,5752072,512313,,,,,,,,59302,98135,OS,800,12060,23636,0,0,N,N
189,AA,5797046,513801,,,,,,,,59302,12625,OS,800,12060,603,0,0,N,N
190,AA,5830177,513801,,,,,,,,59302,157473,OS,800,12060,24575,0,0,N,N
191,AA,5885351,512313,,,,,,,,59302,106430,OS,800,12060,7708,0,0,N,N
192,AA,5890472,513801,,,,,,,,59302,43369,OS,800,12060,0,0,0,N,N
193,AA,5905153,260101,,,,,,,,59302,163403,OS,800,12060,0,41482,0,N,N
194,AA,5906903,513801,,,,,,,,59302,72394,OS,800,12060,0,0,55906,N,N
195,AA,6005076,513801,,,,,,,,59302,75149,OS,800,12060,0,0,18819,N,N
196,AA,6050581,512313,,,,,,,,59302,64998,OS,800,12060,4153,41482,0,N,N
197,AA,6095670,440701,,,,,,,,59302,59600,OS,800,12060,0,0,0,N,N
198,AA,6140457,513801,,,,,,,,59302,102753,OS,800,12060,24912,4000,0,N,N
199,AA,6154556,513801,,,,,,,,59302,56330,OS,800,12060,16832,0,0,N,N
200,AA,6165832,513801,,,,,,,,59302,96009,OS,800,12060,1189,3500,0,N,N
201,AA,6166260,513801,,,,,,,,59302,146305,OS,800,12060,0,0,0,N,N
202,AA,6170489,510000,,,,,,,,59302,182198,OS,800,12060,36000,0,0,N,N
203,AA,6170677,520201,,,,,,,,59302,133880,OS,800,12060,16925,0,0,N,N
204,AA,6170677,520301,,,,,,,,59302,133880,OS,800,12060,16925,0,0,N,N
205,AA,6171088,260101,,,,,,,,59302,147444,OS,800,12060,7163,41482,0,N,N
206,AA,6173538,520201,,,,,,,,59302,64450,OS,800,12060,38748,0,0,N,N
207,AA,6173822,260101,,,,,,,,59302,63510,OS,800,12060,39810,0,0,N,N
208,AA,6174260,512313,,,,,,,,59302,199210,OS,800,12060,31024,0,0,N,N
209,AA,6174273,512313,,,,,,,,59302,68472,OS,800,12060,23365,0,0,N,N
210,AA,6174277,510000,,,,,,,,59302,41704,OS,800,12060,28451,0,0,N,N
211,AA,6174382,513801,,,,,,,,59302,23651,OS,800,12060,0,0,0,N,N
212,AA,6174498,510000,,,,,,,,59302,111859,OS,800,12060,26601,0,0,N,N
213,AA,6175398,520201,,,,,,,,59302,95752,OS,800,12060,27000,0,0,N,N
214,AA,6176057,513801,,,,,,,,59302,18819,OS,800,12060,0,0,0,N,N
215,AA,6176405,260101,,,,,,,,59302,84920,OS,800,12060,33070,2568,0,N,N
216,AA,6176523,520301,,,,,,,,59302,113447,OS,800,12060,21818,0,0,N,N
217,AA,6176640,520201,,,,,,,,59302,96326,OS,800,12060,47026,0,0,N,N
218,AA,6177066,513801,,,,,,,,59302,196876,OS,800,12060,21500,0,18000,N,N
219,AA,6177273,520201,,,,,,,,59302,77812,OS,800,12060,34079,0,0,N,N
220,AA,6177288,513801,,,,,,,,59302,146255,OS,800,12060,0,0,47845,N,N
221,AA,6177389,440701,,,,,,,,59302,50788,OS,800,12060,0,0,0,N,N
222,AA,6177665,513801,,,,,,,,59302,63085,OS,800,12060,25000,0,11637,N,N
223,AA,6177754,520201,,,,,,,,59302,104170,OS,800,12060,38000,0,0,N,N
224,AA,6177970,513801,,,,,,,,59302,55549,OS,800,12060,25000,4000,20000,N,N
225,AA,6177984,440701,,,,,,,,59302,29452,OS,800,12060,0,0,0,N,N
226,AA,6178024,510000,,,,,,,,59302,48340,OS,800,12060,10500,0,0,N,N
227,AA,6178043,420101,,,,,,,,59302,59346,OS,800,12060,33000,27309,0,N,N
228,AA,6178053,420101,,,,,,,,59302,181212,OS,800,12060,22848,0,7000,N,N
229,AA,6178055,420101,,,,,,,,59302,145052,OS,800,12060,26537,500,0,N,N
230,AA,6178236,510000,,,,,,,,59302,115324,OS,800,12060,31648,0,0,N,N
231,AA,6178241,260101,,,,,,,,59302,57085,OS,800,12060,28000,0,4000,N,N
232,AA,6178343,513801,,,,,,,,59302,55126,OS,800,12060,27873,0,0,N,N
233,AA,6178367,520301,,,,,,,,59302,82988,OS,800,12060,31000,0,0,N,N
234,AA,6178404,510000,,,,,,,,59302,88587,OS,800,12060,42132,2000,0,N,N
235,AA,6178422,520201,,,,,,,,59302,53769,OS,800,12060,41500,2916,0,N,N
236,AA,6178443,510000,,,,,,,,59302,138001,OS,800,12060,32000,0,0,N,N
237,AA,6178453,420101,,,,,,,,59302,54963,OS,800,12060,0,54963,0,N,N
238,AA,6178499,513801,,,,,,,,59302,63005,OS,800,12060,25000,0,0,N,N
239,AA,6178505,510000,,,,,,,,59302,95877,OS,800,12060,18000,0,0,N,N
240,AA,6178595,512313,,,,,,,,59302,189964,OS,800,12060,20121,0,10800,N,N
241,AA,6178602,510000,,,,,,,,59302,95688,OS,800,12060,22600,0,0,N,N
242,AA,6178603,420101,,,,,,,,59302,147444,OS,800,12060,20000,0,0,N,N
243,AA,6178619,420101,,,,,,,,59302,102327,OS,800,12060,30642,0,0,N,N
244,AA,6178701,420101,,,,,,,,59302,126295,OS,800,12060,38467,0,0,N,N
245,AA,6178738,260101,,,,,,,,59302,98341,OS,800,12060,29848,0,0,N,N
246,AA,6178745,513801,,,,,,,,59302,60505,OS,800,12060,31656,0,0,N,N
247,AA,6178749,520201,,,,,,,,59302,142214,OS,800,12060,20000,2000,0,N,N
248,AA,6178751,260101,,,,,,,,59302,89917,OS,800,12060,20000,0,0,N,N
249,AA,6178761,420101,,,,,,,,59302,210067,OS,800,12060,20000,0,0,N,N
250,AA,6178765,512313,,,,,,,,59302,86621,OS,800,12060,18000,0,0,N,N
251,AA,6178770,513801,,,,,,,,59302,60297,OS,800,12060,35251,0,0,N,N
252,AA,6178772,520201,,,,,,,,59302,46004,OS,800,12060,40095,0,0,N,N
253,AA,6178809,260101,,,,,,,,59302,58066,OS,800,12060,23000,0,0,N,N
254,AA,6178850,260101,,,,,,,,59302,108041,OS,800,12060,28998,4500,0,N,N
255,AA,6178878,510000,,,,,,,,59302,82191,OS,800,12060,18000,0,0,N,N
256,AA,6178896,520301,,,,,,,,59302,54268,OS,800,12060,25000,0,0,N,N
257,AA,6178907,513801,,,,,,,,59302,55831,OS,800,12060,23000,0,0,N,N
258,AA,6178968,513801,,,,,,,,59302,62662,OS,800,12060,33708,7500,0,N,N
259,AA,6178981,513801,,,,,,,,59302,47839,OS,800,12060,14924,0,0,N,N
260,AA,6178982,510000,,,,,,,,59302,74615,OS,800,12060,24000,0,0,N,N
261,AA,6179022,420101,,,,,,,,59302,124168,OS,800,12060,22000,0,0,N,N
262,AA,6179037,520201,,,,,,,,59302,95393,OS,800,12060,34648,0,0,N,N
263,AA,6179099,520201,,,,,,,,59302,98327,OS,800,12060,30666,0,0,N,N
264,AA,6179102,520201,,,,,,,,59302,126937,OS,800,12060,34607,0,0,N,N
265,AA,6179111,520201,,,,,,,,59302,105269,OS,800,12060,32500,0,0,N,N
266,AA,6179113,520301,,,,,,,,59302,63385,OS,800,12060,25500,0,12700,N,N
267,AA,6179152,510000,,,,,,,,59302,57260,OS,800,12060,7583,41482,0,N,N
268,AA,6179201,513801,,,,,,,,59302,69937,OS,800,12060,23000,0,20000,N,N
269,AA,6179232,520201,,,,,,,,59302,69140,OS,800,12060,22000,0,35000,N,N
270,AA,6179240,520201,,,,,,,,59302,56980,OS,800,12060,27000,0,0,N,N
271,AA,6179262,513801,,,,,,,,59302,67265,OS,800,12060,20000,0,0,N,N
272,AA,6179292,520201,,,,,,,,59302,153471,OS,800,12060,29000,0,0,N,N
273,AA,6179299,513801,,,,,,,,59302,55549,OS,800,12060,25500,0,0,N,N
274,AA,6179349,260101,,,,,,,,59302,144428,OS,800,12060,25739,0,0,N,N
275,AA,6179353,510000,,,,,,,,59302,64741,OS,800,12060,20000,0,0,N,N
276,AA,6179355,513801,,,,,,,,59302,77292,OS,800,12060,33530,0,0,N,N
277,AA,6179362,520201,,,,,,,,59302,59752,OS,800,12060,24122,0,0,N,N
278,AA,6179412,513801,,,,,,,,59302,81008,OS,800,12060,21000,0,0,N,N
279,AA,6179419,260101,,,,,,,,59302,170928,OS,800,12060,29828,0,0,N,N
280,AA,6179426,513801,,,,,,,,59302,185900,OS,800,12060,34666,0,0,N,N
281,AA,6179432,513801,,,,,,,,59302,56253,OS,800,12060,30535,3000,0,N,N
282,AA,6179461,510000,,,,,,,,59302,53232,OS,800,12060,38410,4000,0,N,N
283,AA,6179497,510000,,,,,,,,59302,54383,OS,800,12060,27000,0,0,N,N
284,AA,6179506,513801,,,,,,,,59302,77896,OS,800,12060,31643,0,0,N,N
285,AA,6179526,420101,,,,,,,,59302,116200,OS,800,12060,35914,0,0,N,N
286,AA,6179533,420101,,,,,,,,59302,127195,OS,800,12060,23465,0,0,N,N
287,AA,6179536,520301,,,,,,,,59302,54550,OS,800,12060,31000,0,0,N,N
288,AA,6179559,512313,,,,,,,,59302,96746,OS,800,12060,24333,0,0,N,N
289,AA,6179710,260101,,,,,,,,59302,73674,OS,800,12060,40132,0,0,N,N
290,AA,6179755,260101,,,,,,,,59302,89606,OS,800,12060,23000,0,0,N,N
291,AA,6179769,260101,,,,,,,,59302,54513,OS,800,12060,27765,0,0,N,N
292,AA,6179803,510000,,,,,,,,59302,42778,OS,800,12060,27000,0,10000,N,N
293,AA,6179934,513801,,,,,,,,59302,80516,OS,800,12060,34000,0,0,N,N
294,AA,6179973,260101,,,,,,,,59302,56002,OS,800,12060,28117,0,17578,N,N
295,AA,6180049,260101,,,,,,,,59302,76737,OS,800,12060,23883,0,0,N,N
296,AA,6180067,420101,,,,,,,,59302,78102,OS,800,12060,27081,0,0,N,N
297,AA,6180073,520201,,,,,,,,59302,54263,OS,800,12060,35000,0,4000,N,N
298,AA,6180087,520201,,,,,,,,59302,198348,OS,800,12060,18848,0,0,N,N
299,AA,6180092,520201,,,,,,,,59302,95130,OS,800,12060,34000,0,0,N,N
300,AA,6180102,260101,,,,,,,,59302,203316,OS,800,12060,28311,0,0,N,N
301,AA,6180198,260101,,,,,,,,59302,92758,OS,800,12060,4567,41482,0,N,N
302,AA,6180281,520201,,,,,,,,59302,63851,OS,800,12060,24500,0,0,N,N
303,AA,6180311,513801,,,,,,,,59302,56525,OS,800,12060,40132,0,0,N,N
304,AA,6180414,520201,,,,,,,,59302,59836,OS,800,12060,26472,0,0,N,N
305,AA,6180459,512313,,,,,,,,59302,152436,OS,800,12060,23313,0,0,N,N
306,AA,6180568,510000,,,,,,,,59302,96212,OS,800,12060,25594,0,0,N,N
307,AA,6180595,512313,,,,,,,,59302,165498,OS,800,12060,39039,0,0,N,N
308,AA,6180757,520201,,,,,,,,59302,214644,OS,800,12060,37000,0,0,N,N
309,AA,6180883,260101,,,,,,,,59302,130056,OS,800,12060,17000,0,0,N,N
310,AA,6181010,512313,,,,,,,,59302,160119,OS,800,12060,26138,0,0,N,N
311,AA,6181011,520201,,,,,,,,59302,144200,OS,800,12060,33000,0,0,N,N
312,AA,6181073,520301,,,,,,,,59302,66897,OS,800,12060,23955,0,0,N,N
313,AA,6181478,510000,,,,,,,,59302,74784,OS,800,12060,33359,6000,0,N,N
314,AA,6181496,513801,,,,,,,,59302,54617,OS,800,12060,18000,0,0,N,N
315,AA,6181551,513801,,,,,,,,59302,71957,OS,800,12060,34220,0,0,N,N
316,AA,6181581,513801,,,,,,,,59302,122814,OS,800,12060,33514,1750,0,N,N
317,AA,6181621,260101,,,,,,,,59302,55247,OS,800,12060,33338,0,0,N,N
318,AA,6181621,512313,,,,,,,,59302,55247,OS,800,12060,33338,0,0,N,N
319,AA,6181672,513801,,,,,,,,59302,236172,OS,800,12060,24336,0,0,N,N
320,AA,6181676,513801,,,,,,,,59302,75939,OS,800,12060,33168,3000,0,N,N
321,AA,6181682,520201,,,,,,,,59302,98566,OS,800,12060,32000,0,0,N,N
322,AA,6181712,260101,,,,,,,,59302,99321,OS,800,12060,40315,0,0,N,N
323,AA,6181724,512313,,,,,,,,59302,96871,OS,800,12060,23848,0,0,N,N
324,AA,6181756,513801,,,,,,,,59302,86000,OS,800,12060,27000,0,0,N,N
325,AA,6181767,513801,,,,,,,,59302,164301,OS,800,12060,0,0,0,N,N
326,AA,6181813,520201,,,,,,,,59302,122448,OS,800,12060,41614,0,0,N,N
327,AA,6181859,513801,,,,,,,,59302,174199,OS,800,12060,34104,2000,12844,N,N
328,AA,6181866,513801,,,,,,,,59302,171850,OS,800,12060,27197,6000,0,N,N
329,AA,6181879,260101,,,,,,,,59302,111667,OS,800,12060,17000,0,0,N,N
330,AA,6181884,520301,,,,,,,,59302,56640,OS,800,12060,28740,4500,0,N,N
331,AA,6181890,520201,,,,,,,,59302,94856,OS,800,12060,31427,0,0,N,N
332,AA,6181909,420101,,,,,,,,59302,227198,OS,800,12060,23000,0,0,N,N
333,AA,6181990,513801,,,,,,,,59302,104524,OS,800,12060,25000,0,15000,N,N
334,AA,6181992,513801,,,,,,,,59302,147712,OS,800,12060,38036,5000,0,N,N
335,AA,6181997,420101,,,,,,,,59302,87114,OS,800,12060,17000,0,0,N,N
336,AA,6181999,520301,,,,,,,,59302,57295,OS,800,12060,24000,0,24704,N,N
337,AA,6182011,510000,,,,,,,,59302,131589,OS,800,12060,34000,0,0,N,N
338,AA,6182015,520201,,,,,,,,59302,55915,OS,800,12060,27000,0,0,N,N
339,AA,6182020,420101,,,,,,,,59302,90486,OS,800,12060,25100,6000,0,N,N
340,AA,6182025,510000,,,,,,,,59302,177142,OS,800,12060,30591,0,0,N,N
341,AA,6182052,520201,,,,,,,,59302,94541,OS,800,12060,30613,0,0,N,N
342,AA,6182073,260101,,,,,,,,59302,74316,OS,800,12060,31091,1000,0,N,N
343,AA,6182079,520201,,,,,,,,59302,68178,OS,800,12060,26690,0,0,N,N
344,AA,6182092,520201,,,,,,,,59302,204126,OS,800,12060,26000,0,0,N,N
345,AA,6182118,260101,,,,,,,,59302,60916,OS,800,12060,34000,0,0,N,N
346,AA,6182141,520301,,,,,,,,59302,151359,OS,800,12060,25000,6500,0,N,N
347,AA,6182144,513801,,,,,,,,59302,214943,OS,800,12060,35649,2000,0,N,N
348,AA,6182162,512313,,,,,,,,59302,75494,OS,800,12060,21179,0,0,N,N
349,AA,6182188,420101,,,,,,,,59302,109015,OS,800,12060,36000,0,10700,N,N
350,AA,6182196,520201,,,,,,,,59302,112610,OS,800,12060,19000,0,0,N,N
351,AA,6182240,513801,,,,,,,,59302,225994,OS,800,12060,24000,0,0,N,N
352,AA,6182247,512313,,,,,,,,59302,54132,OS,800,12060,32087,0,0,N,N
353,AA,6182281,510000,,,,,,,,59302,119287,OS,800,12060,36164,0,0,N,N
354,AA,6182283,260101,,,,,,,,59302,103319,OS,800,12060,27700,0,0,N,N
355,AA,6182298,513801,,,,,,,,59302,81854,OS,800,12060,28500,0,20400,N,N
356,AA,6182299,420101,,,,,,,,59302,113625,OS,800,12060,24000,1752,0,N,N
357,AA,6182318,520201,,,,,,,,59302,112150,OS,800,12060,37200,0,0,N,N
358,AA,6182328,420101,,,,,,,,59302,97386,OS,800,12060,11148,41482,0,N,N
359,AA,6182331,512313,,,,,,,,59302,128475,OS,800,12060,28454,0,0,N,N
360,AA,6182353,512313,,,,,,,,59302,83109,OS,800,12060,24000,0,0,N,N
361,AA,6182388,420101,,,,,,,,59302,77647,OS,800,12060,25848,0,0,N,N
362,AA,6182413,513801,,,,,,,,59302,76211,OS,800,12060,35316,8150,0,N,N
363,AA,6182429,510000,,,,,,,,59302,93648,OS,800,12060,25256,0,0,N,N
364,AA,6182492,510000,,,,,,,,59302,115910,OS,800,12060,39000,0,0,N,N
365,AA,6182508,513801,,,,,,,,59302,140129,OS,800,12060,28515,2000,8000,N,N
366,AA,6182514,510000,,,,,,,,59302,42668,OS,800,12060,28767,0,0,N,N
367,AA,6182580,520301,,,,,,,,59302,198335,OS,800,12060,27739,0,0,N,N
368,AA,6182591,260101,,,,,,,,59302,53332,OS,800,12060,33191,1000,0,N,N
369,AA,6182649,513801,,,,,,,,59302,203762,OS,800,12060,23674,0,0,N,N
370,AA,6182665,260101,,,,,,,,59302,95468,OS,800,12060,28624,0,0,N,N
371,AA,6182674,260101,,,,,,,,59302,135850,OS,800,12060,21000,0,0,N,N
372,AA,6182747,420101,,,,,,,,59302,94736,OS,800,12060,7333,2400,0,N,N
373,AA,6182752,510000,,,,,,,,59302,53977,OS,800,12060,25000,0,0,N,N
374,AA,6182758,420101,,,,,,,,59302,100273,OS,800,12060,21741,0,26059,N,N
375,AA,6182766,520201,,,,,,,,59302,81862,OS,800,12060,26000,0,0,N,N
376,AA,6182825,420101,,,,,,,,59302,77605,OS,800,12060,25792,0,0,N,N
377,AA,6182840,513801,,,,,,,,59302,123291,OS,800,12060,21000,0,0,N,N
378,AA,6182933,520201,,,,,,,,59302,169620,OS,800,12060,41000,0,0,N,N
379,AA,6182938,513801,,,,,,,,59302,110099,OS,800,12060,24000,0,27500,N,N
380,AA,6182960,420101,,,,,,,,59302,95961,OS,800,12060,20000,0,0,N,N
381,AA,6182968,510000,,,,,,,,59302,80089,OS,800,12060,30591,0,0,N,N
382,AA,6183004,510000,,,,,,,,59302,101809,OS,800,12060,31000,2000,0,N,N
383,AA,6183031,513801,,,,,,,,59302,112690,OS,800,12060,0,0,22319,N,N
384,AA,6183089,520201,,,,,,,,59302,73884,OS,800,12060,34500,6500,0,N,N
385,AA,6183192,440701,,,,,,,,59302,74090,OS,800,12060,0,1000,0,N,N
386,AA,6183223,520201,,,,,,,,59302,102750,OS,800,12060,36000,0,0,N,N
387,AA,6183267,520201,,,,,,,,59302,178149,OS,800,12060,33000,0,0,N,N
388,AA,6183587,520201,,,,,,,,59302,95877,OS,800,12060,31560,0,0,N,N
389,AA,6183661,420101,,,,,,,,59302,222011,OS,800,12060,39000,0,0,N,N
390,AA,6183672,520301,,,,,,,,59302,149665,OS,800,12060,30439,0,0,N,N
391,AA,6183690,420101,,,,,,,,59302,119567,OS,800,12060,23362,0,0,N,N
392,AA,6183734,260101,,,,,,,,59302,241306,OS,800,12060,25383,0,0,N,N
393,AA,6183735,513801,,,,,,,,59302,89173,OS,800,12060,22140,0,0,N,N
394,AA,6183743,510000,,,,,,,,59302,103444,OS,800,12060,36508,0,0,N,N
395,AA,6183878,513801,,,,,,,,59302,143977,OS,800,12060,27696,0,27316,N,N
396,AA,6183879,260101,,,,,,,,59302,96044,OS,800,12060,12070,2200,0,N,N
397,AA,6183901,510000,,,,,,,,59302,130686,OS,800,12060,46000,0,0,N,N
398,AA,6183988,520301,,,,,,,,59302,142831,OS,800,12060,23044,0,0,N,N
399,AA,6184254,513801,,,,,,,,59302,208698,OS,800,12060,23134,0,0,N,N
400,AA,6184262,520201,,,,,,,,59302,97339,OS,800,12060,22245,0,0,N,N
401,AA,6184275,510000,,,,,,,,59302,85194,OS,800,12060,17000,0,0,N,N
402,AA,6184358,520201,,,,,,,,59302,136670,OS,800,12060,5198,41482,0,N,N
403,AA,6184370,520201,,,,,,,,59302,159590,OS,800,12060,40352,0,0,N,N
404,AA,6184421,520201,,,,,,,,59302,113631,OS,800,12060,40132,0,0,N,N
405,AA,6184447,260101,,,,,,,,59302,63650,OS,800,12060,29521,0,0,N,N
406,AA,6184537,260101,,,,,,,,59302,127151,OS,800,12060,11548,0,0,N,N
407,AA,6184539,513801,,,,,,,,59302,137210,OS,800,12060,37151,0,0,N,N
408,AA,6184940,513801,,,,,,,,59302,107813,OS,800,12060,23581,0,0,N,N
409,AA,6184955,520301,,,,,,,,59302,101201,OS,800,12060,41688,0,0,N,N
410,AA,6184990,513801,,,,,,,,59302,128369,OS,800,12060,12743,0,0,N,N
411,AA,6185024,260101,,,,,,,,59302,90748,OS,800,12060,24388,1000,0,N,N
412,AA,6186110,510000,,,,,,,,59302,120103,OS,800,12060,24503,2092,14910,N,N
413,AA,6186221,510000,,,,,,,,59302,54374,OS,800,12060,26000,3000,10436,N,N
414,AA,6186227,260101,,,,,,,,59302,135954,OS,800,12060,25386,1600,0,N,N
415,AA,6186584,260101,,,,,,,,59302,76979,OS,800,12060,26000,1039,0,N,N
416,AA,6186598,420101,,,,,,,,59302,62462,OS,800,12060,25000,250,20000,N,N
417,AA,6186609,520301,,,,,,,,59302,116940,OS,800,12060,29848,0,0,N,N
418,AA,6186615,520201,,,,,,,,59302,126006,OS,800,12060,40132,1000,0,N,N
419,AA,6186628,513801,,,,,,,,59302,42002,OS,800,12060,12500,2500,0,N,N
420,AA,6186656,510000,,,,,,,,59302,194981,OS,800,12060,27000,1000,26062,N,N
421,AA,6186658,420101,,,,,,,,59302,113298,OS,800,12060,34906,500,0,N,N
422,AA,6186728,520201,,,,,,,,59302,101868,OS,800,12060,25000,800,0,N,N
423,AA,6186755,520201,,,,,,,,59302,82409,OS,800,12060,34964,0,0,N,N
424,AA,6186756,420101,,,,,,,,59302,80975,OS,800,12060,33000,1000,13000,N,N
425,AA,6186757,510000,,,,,,,,59302,95006,OS,800,12060,25000,3225,0,N,N
426,AA,6186764,510000,,,,,,,,59302,190379,OS,800,12060,32227,1750,0,N,N
427,AA,6186771,520201,,,,,,,,59302,137115,OS,800,12060,32676,0,0,N,N
428,AA,6186841,513801,,,,,,,,59302,94370,OS,800,12060,24000,3500,0,N,N
429,AA,6186842,520301,,,,,,,,59302,118764,OS,800,12060,29381,0,0,N,N
430,AA,6186870,420101,,,,,,,,59302,155189,OS,800,12060,31000,0,0,N,N
431,AA,6186898,510000,,,,,,,,59302,93999,OS,800,12060,26500,1000,0,N,N
432,AA,6186904,510000,,,,,,,,59302,75216,OS,800,12060,25000,3700,0,N,N
433,AA,6186905,513801,,,,,,,,59302,198115,OS,800,12060,31765,21421,0,N,N
434,AA,6186906,510000,,,,,,,,59302,115963,OS,800,12060,37309,7000,0,N,N
435,AA,6186945,260101,,,,,,,,59302,220344,OS,800,12060,25100,3250,0,N,N
436,AA,6186975,513801,,,,,,,,59302,74626,OS,800,12060,22000,0,0,N,N
437,AA,6187016,260101,,,,,,,,59302,98244,OS,800,12060,35219,10000,0,N,N
438,AA,6187021,260101,,,,,,,,59302,121827,OS,800,12060,27027,500,16000,N,N
439,AA,6187024,520301,,,,,,,,59302,142294,OS,800,12060,31226,5000,0,N,N
440,AA,6187030,520201,,,,,,,,59302,116110,OS,800,12060,23000,2500,0,N,N
441,AA,6187035,420101,,,,,,,,59302,195167,OS,800,12060,39981,2500,0,N,N
442,AA,6187036,520201,,,,,,,,59302,137282,OS,800,12060,48000,1650,0,N,N
443,AA,6187038,520201,,,,,,,,59302,108647,OS,800,12060,21000,0,0,N,N
444,AA,6187048,520201,,,,,,,,59302,126478,OS,800,12060,25000,0,0,N,N
445,AA,6187061,510000,,,,,,,,59302,78385,OS,800,12060,29250,0,0,N,N
446,AA,6187063,513801,,,,,,,,59302,77655,OS,800,12060,34308,1600,0,N,N
447,AA,6187065,513801,,,,,,,,59302,98004,OS,800,12060,35627,8000,0,N,N
448,AA,6187070,513801,,,,,,,,59302,122287,OS,800,12060,25811,0,0,N,N
449,AA,6187073,512313,,,,,,,,59302,155363,OS,800,12060,33700,0,0,N,N
450,AA,6187157,513801,,,,,,,,59302,89410,OS,800,12060,23000,0,0,N,N
451,AA,6187159,513801,,,,,,,,59302,80028,OS,800,12060,26848,0,0,N,N
452,AA,6187198,260101,,,,,,,,59302,27211,OS,800,12060,12000,0,0,N,N
453,AA,6187217,260101,,,,,,,,59302,113304,OS,800,12060,28000,6000,17374,N,N
454,AA,6187221,513801,,,,,,,,59302,74526,OS,800,12060,24620,2500,0,N,N
455,AA,6187235,420101,,,,,,,,59302,74216,OS,800,12060,19000,0,32000,N,N
456,AA,6187236,260101,,,,,,,,59302,160050,OS,800,12060,26018,0,24400,N,N
457,AA,6187239,260101,,,,,,,,59302,121126,OS,800,12060,24000,6000,0,N,N
458,AA,6187244,520201,,,,,,,,59302,135578,OS,800,12060,31675,0,0,N,N
459,AA,6187246,513801,,,,,,,,59302,121919,OS,800,12060,31657,1000,0,N,N
460,AA,6187250,520201,,,,,,,,59302,171237,OS,800,12060,31676,0,0,N,N
461,AA,6187277,513801,,,,,,,,59302,97616,OS,800,12060,29306,6000,14855,N,N
462,AA,6187293,520201,,,,,,,,59302,88200,OS,800,12060,24848,0,22884,N,N
463,AA,6187305,513801,,,,,,,,59302,285414,OS,800,12060,29387,0,0,N,N
464,AA,6187330,513801,,,,,,,,59302,194532,OS,800,12060,28000,0,0,N,N
465,AA,6187339,510000,,,,,,,,59302,154288,OS,800,12060,26000,5800,0,N,N
466,AA,6187366,513801,,,,,,,,59302,206422,OS,800,12060,28233,0,6163,N,N
467,AA,6187382,520201,,,,,,,,59302,200245,OS,800,12060,27000,0,0,N,N
468,AA,6187416,513801,,,,,,,,59302,152612,OS,800,12060,26848,1000,0,N,N
469,AA,6187458,520201,,,,,,,,59302,95826,OS,800,12060,34000,0,0,N,N
470,AA,6187467,513801,,,,,,,,59302,128209,OS,800,12060,0,0,0,N,N
471,AA,6187468,513801,,,,,,,,59302,128259,OS,800,12060,0,0,54308,N,N
472,AA,6187470,513801,,,,,,,,59302,128209,OS,800,12060,0,0,57000,N,N
473,AA,6187505,513801,,,,,,,,59302,174747,OS,800,12060,27092,1500,0,N,N
474,AA,6187566,260101,,,,,,,,59302,202018,OS,800,12060,26848,0,0,N,N
475,AA,6187566,512313,,,,,,,,59302,202018,OS,800,12060,26848,0,0,N,N
476,AA,6187577,260101,,,,,,,,59302,83243,OS,800,12060,21345,1000,0,N,N
477,AA,6187596,513801,,,,,,,,59302,97574,OS,800,12060,24848,0,0,N,N
478,AA,6187607,420101,,,,,,,,59302,193438,OS,800,12060,16000,0,0,N,N
479,AA,6187621,513801,,,,,,,,59302,136997,OS,800,12060,26848,0,0,N,N
480,AA,6187672,510000,,,,,,,,59302,112394,OS,800,12060,24062,6500,0,N,N
481,AA,6187765,520201,,,,,,,,59302,130451,OS,800,12060,31676,0,8246,N,N
482,AA,6187795,510000,,,,,,,,59302,56362,OS,800,12060,32000,0,0,N,N
483,AA,6187804,520201,,,,,,,,59302,157527,OS,800,12060,26479,0,0,N,N
484,AA,6187851,420101,,,,,,,,59302,176394,OS,800,12060,30000,500,0,N,N
485,AA,6187903,512313,,,,,,,,59302,72810,OS,800,12060,32719,0,0,N,N
486,AA,6187945,513801,,,,,,,,59302,92387,OS,800,12060,33558,7900,0,N,N
487,AA,6188048,520201,,,,,,,,59302,89495,OS,800,12060,27383,1000,0,N,N
488,AA,6188062,420101,,,,,,,,59302,139785,OS,800,12060,27236,0,0,N,N
489,AA,6188073,513801,,,,,,,,59302,78218,OS,800,12060,29000,1500,0,N,N
490,AA,6188157,510000,,,,,,,,59302,142727,OS,800,12060,30971,0,0,N,N
491,AA,6188230,520201,,,,,,,,59302,111657,OS,800,12060,26811,0,9770,N,N
492,AA,6188232,520201,,,,,,,,59302,86314,OS,800,12060,32000,0,13059,N,N
493,AA,6188264,513801,,,,,,,,59302,182347,OS,800,12060,0,0,50714,N,N
494,AA,6188340,513801,,,,,,,,59302,119524,OS,800,12060,31776,0,0,N,N
495,AA,6188447,520201,,,,,,,,59302,64364,OS,800,12060,30485,0,0,N,N
496,AA,6188495,520201,,,,,,,,59302,184774,OS,800,12060,23000,1000,0,N,N
497,AA,6188515,520301,,,,,,,,59302,172890,OS,800,12060,7413,0,0,N,N
498,AA,6188517,513801,,,,,,,,59302,174276,OS,800,12060,27500,0,0,N,N
499,AA,6188541,513801,,,,,,,,59302,134546,OS,800,12060,0,0,0,N,N
500,AA,6188557,513801,,,,,,,,59302,101979,OS,800,12060,26000,1500,0,N,N
501,AA,6188659,520201,,,,,,,,59302,76661,OS,800,12060,23841,0,0,N,N
502,AA,6188675,520301,,,,,,,,59302,149157,OS,800,12060,31676,0,0,N,N
503,AA,6188707,512313,,,,,,,,59302,108689,OS,800,12060,23000,0,0,N,N
504,AA,6188723,440701,,,,,,,,59302,44336,OS,800,12060,0,0,0,N,N
505,AA,6188731,513801,,,,,,,,59302,146305,OS,800,12060,0,0,65218,N,N
506,AA,6188732,513801,,,,,,,,59302,146255,OS,800,12060,0,0,0,N,N
507,AA,6188758,420101,,,,,,,,59302,95741,OS,800,12060,23508,16500,0,N,N
508,AA,6188758,520201,,,,,,,,59302,95741,OS,800,12060,23508,16500,0,N,N
509,AA,6188763,513801,,,,,,,,59302,214737,OS,800,12060,30216,0,0,N,N
510,AA,6188940,513801,,,,,,,,59302,128309,OS,800,12060,0,0,0,N,N
511,AA,6189084,513801,,,,,,,,59302,146355,OS,800,12060,0,0,40255,N,N
512,AA,6189152,520201,,,,,,,,59302,99552,OS,800,12060,8500,0,0,N,N
513,AA,6189170,440701,,,,,,,,59302,29452,OS,800,12060,0,0,0,N,N
514,AA,6189200,440701,,,,,,,,59302,35510,OS,800,12060,0,0,0,N,N
515,AA,6189269,420101,,,,,,,,59302,105186,OS,800,12060,10808,41482,0,N,N
516,AA,6189330,520201,,,,,,,,59302,178174,OS,800,12060,27000,0,0,N,N
517,AA,6189515,440701,,,,,,,,59302,29452,OS,800,12060,0,0,0,N,N
518,AA,6189571,440701,,,,,,,,59302,18212,OS,800,12060,0,0,0,N,N
519,AA,6189572,440701,,,,,,,,59302,29452,OS,800,12060,0,0,0,N,N
520,AA,6190155,440701,,,,,,,,59302,6008,OS,800,12060,0,0,0,N,N
521,AA,6190161,420101,,,,,,,,59302,166916,OS,800,12060,10054,0,0,N,N
522,AA,6191645,513801,,,,,,,,59302,112690,OS,800,12060,0,0,0,N,N
523,AA,6192005,513801,,,,,,,,59302,169147,OS,800,12060,0,0,7500,N,N
524,AA,6192120,513801,,,,,,,,59302,112690,OS,800,12060,0,0,7500,N,N
