School_ID,School,12-Month FTE Enrollment,Academic Support Expenses Per FTE (FASB),Core Expenses (FASB),Endowment Asset Value,Institutional Support Expenses Per FTE (FASB),Instruction Expenses Per FTE (FASB),Student Services Expenses Per FTE (FASB)
100690,Amridge University,481,1557,8056185,174864,6971,5671,2550
100937,Birmingham-Southern College,1019,3142,35835958,52826730,11756,10898,9143
101189,Faulkner University,2742,1400,47182579,20078568,3540,8310,3926
101435,Huntingdon College,788,2564,20187659,53910160,5545,7839,9672
101453,Heritage Christian University,90,3519,3589652,15040187,20382,7714,6230
101675,Miles College,1245,1825,26469308,27539903,8047,3907,7482
101693,University of Mobile,1320,554,20531573,23843738,4277,8372,2351
101912,Oakwood University,1428,2999,56843789,13631785,8698,8660,4686
102049,Samford University,5940,2081,165865930,443471031,3639,16196,5394
102058,Selma University,24,7500,748842,157622,13128,8074,917
102234,Spring Hill College,1073,3235,31704839,10946191,8274,8919,7612
102270,Stillman College,754,1342,20460263,20713966,14996,5518,5279
102298,Talladega College,949,791,18210204,76169770,9833,2342,6020
102377,Tuskegee University,2755,2458,136546654,150040938,10666,15926,4745
102395,United States Sports Academy,132,966,4953376,1000000,21205,9402,4570
102580,Alaska Bible College,24,1206,624817,1748628,14628,8702,1498
102669,Alaska Pacific University,477,764,18568631,96508897,8528,14628,7461
104586,Embry-Riddle Aeronautical University-Prescott,3221,1800,96028000,79952000,6881,14495,4585
105589,Prescott College,920,2129,16414112,2499569,4363,6073,2665
105899,Arizona Christian University,992,3232,25684546,527700,5616,4139,12905
106342,Lyon College,429,5102,26236404,97187764,18481,20419,17155
106546,Baptist Health College Little Rock,537,1004,10927438,9128638,1761,16736,848
106713,Central Baptist College,499,1792,7535427,3895248,6453,4392,2464
106810,Crowley's Ridge College,197,2682,3797774,1581037,6144,3345,7107
107044,Harding University,4352,3451,100401177,212023311,3080,11289,4674
107080,Hendrix College,1142,3854,37705235,203248997,6152,12366,9740
107141,John Brown University,1848,2652,44144356,160259289,5238,10223,4842
107512,Ouachita Baptist University,1712,1031,40172551,129521253,4592,9962,6860
107558,University of the Ozarks,806,2998,28824199,134710303,14354,12285,6125
107600,Philander Smith University,877,3058,22232560,16416186,9870,5274,6640
107877,Williams Baptist University,584,1251,10159446,13119341,6779,3828,5191
108852,American Academy of Dramatic Arts-Los Angeles,245,5714,8444677,1141829,15849,6498,3128
108861,Berkeley School of Theology,37,10048,3328375,8700794,43728,28220,7961
108870,American Film Institute Conservatory,512,15035,35823743,23368287,10492,5704,2183
109651,Art Center College of Design,2680,8849,120160000,137353000,6661,26122,3205
109785,Azusa Pacific University,6780,2537,179159615,90358715,5821,11098,6170
110097,Biola University,4449,3237,140421000,146197897,8213,12843,5904
110316,California Institute of Integral Studies,1388,2189,42745617,1599818,13157,12002,2470
110361,California Baptist University,11253,841,240960434,133075937,5189,9514,5732
110370,California College of the Arts,1479,5460,68655000,39736000,12832,22934,5187
110413,California Lutheran University,3591,2025,110831491,133747441,5418,11410,6676
111081,California Institute of the Arts,1509,7663,83333501,221602626,9065,31777,5256
111391,California Western School of Law,646,13026,27789999,31874001,9286,13654,7053
111948,Chapman University,9838,5631,402550000,668428000,7167,20788,4354
111966,Charles R Drew University of Medicine and Science,1232,14867,91315200,107439500,23485,20559,2003
112075,Concordia University-Irvine,3410,2260,78522874,56461674,6607,8839,5322
112084,San Diego Christian College,294,777,6444112,693502,6529,5296,9318
112127,Church Divinity School of the Pacific,50,12976,5268782,25892532,42537,25310,14017
112251,Claremont Graduate University,970,8209,63774186,199994170,14133,28043,6141
112525,Western University of Health Sciences,3864,5895,229242851,62536571,7963,36656,2706
113698,Dominican University of California,2176,2114,60071016,30807092,7178,13027,5287
113704,Dominican School of Philosophy & Theology,52,6735,3017220,8066390,23009,22962,5318
114549,Fielding Graduate University,785,2789,23016655,9377720,10515,12217,2213
114734,Franciscan School of Theology,50,8822,3406260,5291942,18745,26230,14329
114813,Fresno Pacific University,2666,3729,60970496,19748127,6298,7304,4729
114840,Fuller Theological Seminary,1509,5818,52685000,134000000,7979,10382,4210
115083,Golden Gate University,4374,2796,55000281,46204562,2495,3956,2874
115409,Harvey Mudd College,968,7958,71153817,412997574,15047,35271,9908
115773,Humphreys University-Stockton and Modesto Campuses,351,2005,7769915,407087,6672,8377,2598
117104,Life Pacific University,418,4699,11905157,4722223,8462,7158,8163
117140,University of La Verne,7013,2831,138952618,131197961,5863,8186,2934
117168,Laguna College of Art and Design,689,5680,18849255,4039383,7640,10940,3096
117283,Latin American Bible Institute,39,6364,1824842,49132,12937,11219,2838
117575,Southern California Seminary,134,0,2697026,115851,6006,8250,5643
117627,La Sierra University,1404,3241,66740948,116875857,15716,13181,5544
117636,Loma Linda University,4214,6871,264286000,551488000,13669,28539,3512
117672,Southern California University of Health Sciences,1873,1169,46751967,1578344,8372,12594,1849
117751,The Master's University and Seminary,2151,1717,42787140,52823541,3055,8439,5301
117946,Loyola Marymount University,9214,7224,407948000,651894000,9194,17715,8769
118693,Menlo College,793,3768,27126895,19668047,7076,9128,14235
119173,Mount Saint Mary's University,2547,3836,81196897,160218110,8633,13147,6263
120254,Occidental College,2031,6149,111063629,604348663,11626,21864,8800
120403,Otis College of Art and Design,1243,5225,57872617,22800498,14747,20084,6503
120537,Hope International University,1069,1709,21032216,9369394,5014,5301,7651
120698,Palo Alto University,1245,1193,37751379,950389,8537,18249,2344
120768,Pacific Oaks College,753,5526,19582882,11075597,9150,5475,5856
120795,Pacific School of Religion,60,19747,6848391,53476029,42720,35779,15894
120865,Pacific Union College,782,4171,32211158,32738045,9525,19200,7571
120883,University of the Pacific,7376,4798,342232337,598743846,9857,22844,6726
121150,Pepperdine University,10582,11744,457339000,1218871000,8941,12364,7357
121309,Point Loma Nazarene University,3928,3543,111283753,68120443,5872,10688,7151
121345,Pomona College,1882,12409,177183000,2797022000,22251,40927,15776
121628,Pardee RAND Graduate School,126,11260,6230000,50316687,13508,13272,10681
121691,University of Redlands,3216,4167,112598932,236764512,7046,15259,7803
122296,Samuel Merritt University,2098,6152,89624910,41752529,9793,23277,3497
122436,University of San Diego,8445,3840,337177000,673452000,8866,18791,6349
122506,San Francisco Conservatory of Music,431,7209,36429000,51616000,28487,42014,5032
122612,University of San Francisco,9349,3691,374147536,509622000,9568,19807,6083
122649,San Joaquin College of Law,123,7037,4670673,914345,14132,9361,1375
122728,William Jessup University,1485,4000,36714666,5960097,5235,7893,7514
122931,Santa Clara University,8400,7927,437543000,1478274000,9412,22061,9486
123280,Shasta Bible College and Graduate School,20,2427,1049560,45267,20755,8719,414
123448,Trinity Law School,308,2776,8127752,148790,6432,7884,8374
123457,Simpson University,773,1329,24462150,6836063,6208,13185,9805
123554,Saint Mary's College of California,3104,3858,123780000,170597000,10195,13047,9508
123651,Vanguard University of Southern California,2017,1150,46697064,16077890,7621,8558,5823
123916,Starr King School for the Ministry,70,4657,3247425,7995705,27242,10718,3775
123943,Marshall B Ketchum University,760,3235,39064599,10457146,14824,29690,1889
123952,Southern California Institute of Architecture,668,8210,23681000,5725000,9698,16440,1103
123970,Southwestern Law School,938,6686,41463308,26786734,14982,17776,4760
124283,Claremont School of Theology,109,4341,8050612,10115405,20043,20717,6944
124292,Thomas Aquinas College,617,4725,25999868,30685938,13357,16417,7593
125037,The Colleges of Law at Ventura,298,1428,2996000,3025002,3287,3094,2245
125718,Westminster Theological Seminary in California,109,8097,5633842,866383,18218,14270,5022
125727,Westmont College,1333,3078,59353108,89005489,10318,21627,9237
125763,Whittier College,1081,3605,53353477,129733783,14614,19372,11518
125897,Woodbury University,911,4987,36101793,13613577,7083,19860,3666
126012,The Wright Institute,588,4405,15486994,15662707,3809,14523,2403
126049,Thomas Jefferson School of Law,226,11242,8399831,163685,8765,8374,5235
126669,Colorado Christian University,7247,528,102705267,9045950,4563,3757,5128
126678,Colorado College,2290,8916,154826056,877556682,12461,31657,14335
126979,Denver Seminary,524,3543,15363926,16404835,3800,13547,3751
127060,University of Denver,11126,10137,523487823,1022729305,7203,19881,6014
127273,Iliff School of Theology,101,11922,8128228,39247662,29101,24240,8745
127653,Naropa University,941,2739,26912618,4613108,8994,13242,3240
127714,Nazarene Bible College,150,4086,3964811,2708902,9039,9042,4265
127918,Regis University,4267,3445,114715358,87852578,6346,11138,5956
128498,Albertus Magnus College,1169,2736,30956796,26235233,8196,7952,7494
128744,University of Bridgeport,3551,880,73347000,14141000,7015,6573,3809
128902,Connecticut College,2128,8403,101096000,448853000,12725,16717,8825
129154,Goodwin University,2796,735,58901991,14820184,5747,11832,2753
129242,Fairfield University,5874,3282,210702276,379993000,8858,15573,6577
129525,University of Hartford,5456,764,149990000,183500000,4938,16746,4444
129774,Mitchell College,559,3206,16701851,8043306,9828,5833,11012
129941,University of New Haven,7895,2339,181725571,92484026,5057,9751,5180
130226,Quinnipiac University,9319,2275,269769947,770268155,5683,13234,6220
130253,Sacred Heart University,10928,1814,241105218,268374203,4064,9593,5717
130314,University of Saint Joseph,1768,1921,61914000,45950000,5386,14657,4872
130590,Trinity College,2189,4395,153838316,807434278,19737,28861,15626
130697,Wesleyan University,3646,4368,203819000,1554388000,9368,33183,5808
130989,Goldey-Beacom College,938,3861,17884203,170356803,5251,3936,6020
131113,Wilmington University,10161,1829,99923723,164474609,1565,3944,2356
131159,American University,13588,7142,604123000,961160000,7819,17225,4873
131283,The Catholic University of America,4449,4672,228597799,365144650,7489,22207,8465
131405,Pontifical Faculty of the Immaculate Conception at the Dominican House of Studies,78,3859,7877946,2850973,29408,25746,3883
131520,Howard University,12631,5259,635362000,926633000,14994,18845,3281
131876,Trinity Washington University,1437,4343,32708081,38933160,6928,6868,4605
131973,Wesley Theological Seminary,479,1445,12485233,31974499,5217,15892,3511
132408,Baptist University of Florida,209,1364,5617960,8589732,11193,10774,3549
132471,Barry University,5952,1200,135786296,53988781,6933,11791,2889
132602,Bethune-Cookman University,2668,1100,57441031,36303752,6822,9267,4207
132657,Lynn University,3582,2237,83059459,37840050,6639,7352,6960
132879,Johnson University Florida,134,2633,3788504,2125697,7918,10310,7411
133492,Eckerd College,2128,2868,75272983,83580143,8098,16742,7309
133526,Edward Waters University,1243,2150,27875014,4331662,10799,2767,4987
133553,Embry-Riddle Aeronautical University-Daytona Beach,8266,2382,253655000,195144000,7362,13323,4714
133711,Flagler College,2688,1180,60235173,87754970,6495,9022,5407
133809,Florida College,537,1892,23964966,17258701,9552,17441,3834
133872,AdventHealth University,1494,2814,35154400,11241909,7214,11771,1201
133881,Florida Institute of Technology,7350,954,165297436,96580299,6098,10775,2546
133979,Florida Memorial University,1126,3997,44353755,6253204,5107,4971,8086
134079,Florida Southern College,3199,1076,86562707,107580305,7336,11051,6041
134510,Hobe Sound Bible College,124,701,3131186,2749040,6901,14352,3297
134945,Jacksonville University,4211,1336,107087755,59546445,5274,10928,7064
135364,Luther Rice College & Seminary,302,2154,3992694,1304201,4004,5065,1977
135610,Trinity International University-Florida,88,157,1835969,228306,13150,4898,2657
136330,Palm Beach Atlantic University,3177,1290,79099949,101717017,6880,11353,5353
136701,Saint Vincent de Paul Regional Seminary,138,3968,6925058,36222986,24144,19845,1242
136774,Ringling College of Art and Design,1587,13177,77182517,60957594,9082,20368,5804
136950,Rollins College,3225,4918,118293000,443592000,6535,13685,9499
137032,Saint Leo University,7284,1325,105319481,72926228,4400,4703,4031
137272,St. John Vianney College Seminary,43,16934,1728166,10926801,0,23256,0
137476,St. Thomas University,4556,1633,63770962,37800542,3244,5119,3429
137546,Stetson University,4034,3791,124993426,363648117,4982,13525,7946
137564,Southeastern University,6498,2478,82785661,9770732,2274,3584,4404
137847,The University of Tampa,10686,2291,208454417,62287141,4002,8446,4253
137953,Trinity Baptist College,351,1898,4732482,102078,6599,2464,2522
137962,Trinity College of Florida,157,2346,3147932,590400,5285,5502,6918
138275,Warner University,730,1387,17373591,6803290,5880,5253,9534
138293,Webber International University,872,894,17820987,6686291,5065,3721,10757
138600,Agnes Scott College,1163,8779,50808023,227301028,7909,19444,7555
138761,Andrew College,215,1997,7888133,10225358,9736,9714,14756
138868,Point University,1551,1107,24097236,5426988,5168,4103,5158
138947,Clark Atlanta University,3614,3161,113666807,102650611,10956,9647,3909
139144,Berry College,2287,5659,94140643,1261304012,10148,15287,9879
139199,Brenau University,2501,1974,55499709,54998050,3006,10102,7108
139205,Brewton-Parker College,677,1113,10917255,8829519,3894,5784,5335
139348,Columbia Theological Seminary,178,8193,14625393,268772795,25222,40865,5344
139393,Covenant College,835,2313,26281588,57543710,8980,11018,8939
139630,Emmanuel University,756,412,15676005,2210319,6316,5239,8375
140146,Interdenominational Theological Center,94,9682,8273462,5963717,34355,14201,19036
140234,LaGrange College,648,2045,24413697,58392413,10115,14642,10873
140252,Life University,2896,999,68889376,4038225,6769,6879,4510
140447,Mercer University,8767,3588,249321527,479944937,2397,13760,3507
140553,Morehouse College,2571,3743,94039097,254125270,12353,12547,4165
140571,Morris Brown College,227,2515,3430199,520416,10103,1149,1345
140696,Oglethorpe University,1510,1786,36204582,46437739,7011,6905,8274
140720,Paine College,314,1991,10277464,11893125,7736,10949,12056
140818,Piedmont University,1602,1583,38941266,45412532,7553,8722,6451
140872,Reinhardt University,1066,1606,25720990,43290522,6292,8933,7298
140988,Shorter University,1430,648,21888637,14630107,5312,4897,4450
141060,Spelman College,2724,5356,112671719,513974014,13324,15495,5458
141167,Thomas University,661,1258,16672281,6350574,5733,9956,8276
141185,Toccoa Falls College,1353,558,14891080,3792432,2528,4670,3084
141237,Truett McConnell University,1595,730,21332587,6653878,3390,4108,5145
141325,Wesleyan College,590,1888,17596067,59147763,9513,11312,5408
141361,Young Harris College,1059,2686,22646552,120608146,3417,8344,6938
141486,Chaminade University of Honolulu,2124,6172,54067071,40002770,4326,11140,3244
141644,Hawaii Pacific University,3719,3597,78313401,50709869,5827,6359,4224
142090,Boise Bible College,83,4314,3107004,725953,8389,13407,6755
142294,The College of Idaho,1104,2901,32615948,117737164,5912,9851,10104
142461,Northwest Nazarene University,2511,1780,42933988,60417621,3302,7256,4102
142832,Adler University,1763,1766,46627826,333248,8923,11699,3451
143048,School of the Art Institute of Chicago,3381,8733,134404185,360556000,7570,17689,5761
143084,Augustana College,2513,5483,67505706,207983239,5558,11360,3715
143118,Aurora University,6002,2553,88268133,48830875,3301,5291,3158
143233,Bethany Theological Seminary,43,4714,3940586,47080825,36282,40271,10374
143288,Blackburn College,404,3385,14576034,32435612,12073,11135,9486
143358,Bradley University,5114,2500,129176643,345009371,3865,15616,3198
143659,Catholic Theological Union at Chicago,141,3880,8383760,31073440,13461,36574,5544
143853,Midwestern University-Downers Grove,3184,6562,157107954,6675115,9247,26067,2432
143978,The Chicago School at Chicago,1130,3348,29806617,70013651,9772,8510,4747
144014,Chicago Theological Seminary,109,3253,6489886,27685027,20313,29033,5631
144281,Columbia College Chicago,6187,3346,158034963,201842538,5727,10612,5463
144351,Concordia University-Chicago,3670,1455,65894085,28476305,3428,6250,6822
144962,Elmhurst University,3636,1995,73174482,153997364,4853,7522,5544
144971,Eureka College,523,1220,13523974,34407159,10193,6669,7777
145275,Garrett-Evangelical Theological Seminary,198,4953,13350492,120695376,16532,24935,4893
145372,Greenville University,1042,1576,27583143,28645053,10048,7088,7759
145497,Hebrew Theological College,105,6086,7986000,1044958,32743,16810,4429
145558,Rosalind Franklin University of Medicine and Science,2036,10601,139011234,87775550,13540,20076,5200
145619,Benedictine University,3028,1915,62990900,40152347,4260,8585,5720
145628,Illinois College of Optometry,484,3802,33147111,1759113,15090,21938,5222
145646,Illinois Wesleyan University,1521,4334,62925958,262018691,12247,19122,5463
145691,Illinois College,1043,5212,31786927,139414288,5094,9641,10530
145725,Illinois Institute of Technology,6822,2358,276517000,254920000,9047,12366,3869
145886,Institute for Clinical Social Work,55,15615,2032935,125001,10601,7657,3081
146339,Judson University,938,1118,20764463,6555247,5067,10295,5149
146427,Knox College,1031,5124,51205700,164675942,14111,18814,11616
146481,Lake Forest College,1874,2471,56941560,112193194,7740,11804,7973
146533,Lakeview College of Nursing,103,1673,3560505,19781082,13279,15933,1334
146612,Lewis University,5636,162,117187978,112260885,5504,10876,3793
146667,Lincoln Christian University,162,5451,4399712,5469723,12496,6985,2227
146755,Trinity College of Nursing & Health Sciences,124,2203,3462678,3292386,6980,15012,3698
147013,McKendree University,1746,683,33831146,36552733,5789,5291,7170
147031,Meadville Theological School of Lombard College,49,4489,3518681,31221022,31957,30413,4952
147129,Methodist College,426,2674,11112415,2722014,4471,14637,4304
147244,Millikin University,1880,1513,48375081,90489114,4531,12324,7147
147341,Monmouth College,760,3122,30298938,124783301,8720,17765,10259
147369,Moody Bible Institute,1928,2948,104549634,50179495,4532,10904,2679
147536,National Louis University,6413,1738,108256070,59249889,2639,5700,4440
147590,National University of Health Sciences,605,2332,17957258,9179702,7298,15703,3753
147660,North Central College,2817,2724,71677602,127696747,5007,11907,3407
147679,North Park University,2272,2094,60831234,102913367,5052,7652,4784
147697,Northern Baptist Theological Seminary,106,16107,6165132,22029784,27235,7596,4090
147828,Olivet Nazarene University,3149,1836,75573448,58739543,5013,9179,7387
148131,Quincy University,1151,1914,25168201,22671625,4940,6689,8323
148405,Rockford University,1202,5067,25273589,28676053,3057,8779,4124
148487,Roosevelt University,3183,3461,96920000,137144000,7149,12172,6232
148496,Dominican University,2960,3658,69588691,50479480,3630,11667,4469
148511,Rush University,2902,8110,340728788,835062000,4708,17223,4522
148584,University of St Francis,2580,2520,42806597,27711129,3671,6511,3457
148593,St. John's College-Department of Nursing,90,4289,4068300,3466424,7648,27484,5782
148627,Saint Xavier University,3307,1286,61368870,43552092,4892,7359,4586
148876,St. Augustine College,585,1561,14187535,147392,10075,6826,4001
149028,Saint Anthony College of Nursing,176,3383,6355527,7478481,2925,17061,3462
149505,Trinity Christian College,996,2598,28150710,11098773,5528,11686,8067
149514,Trinity International University-Illinois,750,2466,27482065,27599534,14431,10563,6553
149639,VanderCook College of Music,261,1289,6120112,410793,2106,11159,2315
149781,Wheaton College,2750,5788,120366994,558231860,7878,17639,9903
150066,Anderson University,1178,2898,37551000,33207000,8872,11188,8514
150145,Bethel University,1149,1179,24898349,10835293,4668,8904,6844
150163,Butler University,5673,3202,188133000,265097000,7215,14610,7518
150172,Calumet College of Saint Joseph,520,1507,13275438,5301603,4762,7539,10702
150288,Concordia Theological Seminary,211,10797,13406322,84363785,27121,13529,12090
150400,DePauw University,1759,7884,96642335,752406035,8237,25713,13108
150455,Earlham College,659,4975,52209829,419497008,20205,39828,12212
150534,University of Evansville,1967,2393,59970507,148445157,5876,14408,7422
150604,Franklin College,1021,3815,27643745,94106819,4791,10370,8100
150668,Goshen College,727,3986,26334923,128138783,8044,14207,8770
150677,Grace College and Theological Seminary,2075,384,31738408,27614716,3864,6803,4245
150756,Hanover College,1131,1248,40735866,161289725,4897,19635,10154
150774,Holy Cross College,440,3135,12623033,15478523,8869,7972,8683
150941,Huntington University,1222,2221,33122249,29305647,6448,11808,6628
151263,University of Indianapolis,4737,5094,120038081,120433137,3268,11691,5117
151290,Indiana Institute of Technology,1972,1051,22019496,160770232,3206,2768,4141
151777,Manchester University,1224,4013,38047453,76087832,6863,12981,6615
151786,Marian University,3943,3736,123942193,106934185,6093,12511,5658
151801,Indiana Wesleyan University-Marion,2500,3038,73904723,265768494,4391,12709,8449
151865,Anabaptist Mennonite Biblical Seminary,74,6360,4801888,23708546,27992,16455,11599
152099,Oakland City University,828,243,15901765,10593368,8618,7839,2505
152318,Rose-Hulman Institute of Technology,2214,2088,84747840,269309024,8763,19767,7660
152336,University of Saint Francis-Fort Wayne,1794,3059,51381305,35674400,9379,9936,4690
152381,Saint Mary-of-the-Woods College,1021,0,27242083,10474598,8367,11023,7292
152390,Saint Mary's College,1528,3057,56291866,298096695,8599,19216,5969
152451,Saint Meinrad School of Theology,169,5963,10758143,46694796,33591,13720,10266
152530,Taylor University,2095,2822,59586379,115712191,5159,10952,6804
152567,Trine University,3021,1115,46957418,49110885,5841,6600,1988
152600,Valparaiso University,3083,3470,91994000,315553000,4962,11232,9254
152673,Wabash College,837,5998,49961129,391058250,11143,19045,16635
152798,Allen College,449,2739,11976961,10577809,8807,13150,1979
152992,Briar Cliff University,773,2766,21301952,21982649,5554,10275,8963
153001,Buena Vista University,1858,1642,34875241,150420047,4890,7716,4523
153108,Central College,1113,1605,34958912,95466372,6465,12673,7152
153126,Clarke University,851,1527,20370204,29754571,8040,10662,3708
153144,Coe College,1311,2213,36530158,102626190,4620,10931,9489
153162,Cornell College,1138,2671,40485127,92001160,8332,12613,11570
153241,Divine Word College,67,7638,6384315,35271403,38464,30542,17899
153250,Dordt University,1685,1874,46360970,66392986,4989,11610,8537
153269,Drake University,4128,6274,147851312,266901955,4218,13252,7753
153278,University of Dubuque,1538,4461,59208135,222719314,13127,13342,7566
153302,Emmaus Bible College,185,2618,5962246,1402095,7417,8184,8290
153320,Faith Baptist Bible College and Theological Seminary,371,1046,6584797,4726833,5098,6342,3917
153366,Graceland University-Lamoni,1041,2194,30037663,52552964,5168,11079,9157
153375,Grand View University,1699,2007,33343690,34088456,5015,7321,5282
153384,Grinnell College,1724,11218,136564000,2505851000,17608,31318,17654
153825,Loras College,1261,3228,33831115,52453111,5647,8117,8712
153834,Luther College,1616,2465,55913941,192639936,7492,16256,8103
153861,Maharishi International University,2700,1200,45440000,11228000,6483,7541,997
153977,Mercy College of Health Sciences,975,1960,18584069,11051236,5718,9180,2201
154004,Morningside University,1740,1928,33703900,57301893,4140,7816,5486
154013,Mount Mercy University,1380,2790,30266207,39156711,4200,7745,7197
154101,Northwestern College,1549,3292,32294287,69790821,3117,8280,5857
154156,Des Moines University-Osteopathic Medical Center,1542,13124,75160974,165050510,11934,13876,3182
154174,Palmer College of Chiropractic,2517,2093,68478288,72625667,7817,11855,3692
154235,Saint Ambrose University,2537,2547,69269115,219272990,3566,8791,3696
154262,St Luke's College,175,7201,4243817,1457018,1178,11612,4260
154350,Simpson College,1193,1153,40775657,81930607,7049,13019,12958
154493,Upper Iowa University,2996,746,41882743,20437639,5423,4010,3716
154527,Wartburg College,1434,1748,43686158,89676640,5921,10922,11331
154536,Wartburg Theological Seminary,196,4049,5237509,33633956,11803,7756,3114
154590,William Penn University,1413,903,22179806,8275725,3236,5393,6165
154688,Baker University,1516,1100,33269358,51488474,4729,8387,4867
154712,Benedictine College,2318,2071,46340891,49256470,6503,8004,3394
154721,Bethany College,602,1976,16043346,13068214,6475,7741,9464
154749,Bethel College-North Newton,466,2717,14647070,30554330,6716,7282,13065
154855,Central Christian College of Kansas,464,1412,7133921,5338137,6159,3588,3581
155007,Donnelly College,281,3221,9356926,7689005,13061,5874,3800
155070,Barclay College,161,1901,8796771,5986142,6136,10296,3684
155089,Friends University,1618,1170,26183293,62735229,4112,5004,4796
155177,Hesston College,302,2218,11043545,15356729,9560,13098,9858
155335,Newman University,1678,706,24980280,26962544,3943,6358,3880
155414,Kansas Wesleyan University,785,1254,18711241,41344727,9514,5801,7267
155496,Manhattan Christian College,133,3274,4937864,4442004,15040,5934,10541
155511,McPherson College,806,1670,21901548,692122437,7322,9136,9045
155520,MidAmerica Nazarene University,1349,1508,28306185,15162888,6924,7637,4744
155627,Ottawa University-Ottawa,838,1597,13745228,16113850,6191,2618,5997
155812,University of Saint Mary,1225,460,25441952,19433787,3724,9123,5986
155900,Southwestern College,959,1881,19845942,26255731,5669,7970,886
155937,Sterling College,554,2267,11609070,12214542,5037,6798,6853
155973,Tabor College,636,3494,14509699,19066597,2612,7982,6566
156189,Alice Lloyd College,562,6342,14178138,60558040,8361,5788,4256
156213,Asbury University,1348,1506,33165162,72424602,5168,11704,5988
156222,Asbury Theological Seminary,1026,3936,29088171,198365304,7050,10054,3465
156286,Bellarmine University,3068,1761,77245694,59434525,3717,11101,7263
156295,Berea College,1523,7491,113375939,1487170000,16236,20821,10896
156356,Brescia University,581,609,13592885,15199816,3869,10039,8100
156365,Campbellsville University,10313,596,98694041,36455948,785,5074,2949
156408,Centre College,1328,4300,68065060,391321451,10690,23614,12650
156417,Clear Creek Baptist Bible College,96,4351,2840840,22091982,13587,6490,4171
156727,Frontier Nursing University,1817,1894,39025491,22005247,4251,12983,2350
156745,Georgetown College,1401,1939,28590527,37379331,9031,4648,4790
157030,Kentucky Mountain Bible College,63,1778,1847603,5569566,13558,7222,3336
157076,Kentucky Wesleyan College,693,1900,18022075,35846906,6979,6725,9915
157100,Kentucky Christian University,529,1355,9321857,7306068,3291,6184,5939
157216,Lindsey Wilson College,3132,516,38933566,36940462,2027,4328,4151
157298,Louisville Presbyterian Theological Seminary,73,17487,7841606,91735563,39596,32733,7988
157377,Midway University,1370,1045,19471913,31643217,3194,5385,4374
157535,University of Pikeville,2186,3230,57338073,30539068,6308,10697,5922
157748,The Southern Baptist Theological Seminary,2901,1177,34525128,96731683,3410,4569,2744
157757,Spalding University,1407,641,35162849,28250023,5632,11341,3172
157809,Thomas More University,1497,1443,31001133,33220333,5780,6817,6669
157818,Transylvania University,993,7400,39116819,244769343,7991,12189,11771
157863,Union College,977,3129,19001577,31796460,4475,5694,5304
158477,Centenary College of Louisiana,591,3161,25040916,131358861,13026,12151,13817
158802,Dillard University,1209,7515,39044540,95653436,8628,7528,6372
159568,Louisiana Christian University,954,583,20432516,43291657,5431,8949,6448
159656,Loyola University New Orleans,4205,2919,101058000,235855948,5244,11193,3693
159948,New Orleans Baptist Theological Seminary,1312,2347,32202372,75734409,4214,13603,820
160065,University of Holy Cross,812,1372,16477180,22701900,7029,10141,1033
160074,Franciscan Missionaries of Our Lady University,1054,2429,27105914,11854409,6905,13015,2757
160409,Saint Joseph Seminary College,103,7628,6459799,594042,15466,33075,6547
160904,Xavier University of Louisiana,3386,3900,132324134,170871174,15108,9875,5655
160959,College of the Atlantic,360,5029,25115455,77106414,7403,16734,6157
160977,Bates College,1790,12205,114238636,428495127,11717,25710,13051
161022,Maine College of Health Professions,182,5817,3605454,15403870,4089,7939,1965
161086,Colby College,2385,9371,181564000,1116123000,19669,26017,18870
161208,The Landing School,54,548,2164780,1156318,7146,9017,1350
161457,University of New England,6220,3460,167952751,176069053,4557,12177,4345
161509,Maine College of Art & Design,426,2924,14716040,15489525,11071,15293,5256
161518,Saint Joseph's College of Maine,1324,1039,28421655,16482838,6170,7375,6883
161563,Thomas College,1156,1797,18560668,21046818,3696,4453,5565
161572,Unity Environmental University,4159,3776,37288190,15865309,2674,1939,538
162061,Capitol Technology University,667,3882,19515395,5402570,9422,6700,4487
162210,Washington Adventist University,560,3448,27068764,4086798,16839,19229,8822
162654,Goucher College,1400,4442,55966000,239770000,11923,15642,7666
162760,Hood College,1603,2957,45986952,124802106,8384,10790,6556
163046,Loyola University Maryland,4997,3460,157391193,293782938,7574,12143,7513
163295,Maryland Institute College of Art,1833,10982,73022250,105280729,6534,18957,3365
163462,Mount St. Mary's University,2450,2724,58290784,61013510,7170,10040,3858
163578,Notre Dame of Maryland University,1323,1580,42032549,48012466,8416,15555,5981
163976,St. John's College,602,2894,24059016,158213539,12365,14954,9752
164085,Maryland University of Integrative Health,572,7091,11826248,26450,3394,6795,1465
164173,Stevenson University,3133,353,76438665,106097046,6558,10313,7175
164216,Washington College,1017,2894,59536171,281135336,17395,24211,14041
164270,McDaniel College,2464,1305,58095000,138625000,6516,9886,5567
164447,American International College,1953,509,47296181,31895135,9345,6746,7618
164492,Anna Maria College,1167,1120,28860935,1410071,5303,7749,9796
164562,Assumption University,2140,3064,54658707,102793975,3162,12772,6543
164580,Babson College,4054,10609,196147858,684902668,11332,15202,10720
164632,Bay Path University,2522,2840,46868650,67320492,3449,8322,3973
164739,Bentley University,4674,4600,183875000,333900000,9171,15476,9396
164748,Berklee College of Music,8260,2655,299351943,390021654,10467,19733,3386
164872,Boston Architectural College,683,5182,20243184,10001765,13078,6734,4645
164924,Boston College,13516,9200,822181303,3547245333,11613,26033,9271
165015,Brandeis University,6542,9112,352912982,1216216620,8288,20729,6301
165167,Cambridge College,1363,5344,36267473,42938391,6998,6549,7717
165264,Laboure College of Healthcare,792,1514,20321776,8328352,4948,15697,3022
165334,Clark University,3434,6237,143526000,451185000,7522,20018,5757
165495,Conway School of Landscape Design,23,12929,1040179,163490,6246,26051,0
165529,Curry College,1969,2879,67134077,88342735,5293,15141,10782
165574,Dean College,1168,3266,35267432,62873147,8774,7832,10323
165644,Eastern Nazarene College,526,836,17395064,18639692,8730,6739,7861
165662,Emerson College,5958,5214,179497511,240725036,8555,10966,5283
165671,Emmanuel College,2046,2836,63188299,166862151,9569,11428,7051
165699,Endicott College,3942,1781,91441518,130663794,5305,11580,4532
165884,Benjamin Franklin Cummings Institute of Technology,595,5679,15245154,1270200,4570,7350,4147
165936,Gordon College,1562,1758,41882690,105587979,6686,10434,7465
165945,Gordon-Conwell Theological Seminary,680,6563,19949059,66972023,8319,10744,3271
166018,Hampshire College,496,4646,30826409,32042529,22091,16180,17951
166045,Hebrew College,145,3316,8544846,3373932,13067,37345,2221
166054,Hellenic College-Holy Cross Greek Orthodox School of Theology,136,6778,13148047,44356862,36348,29569,13607
166124,College of the Holy Cross,3253,5811,186651698,1043310792,11599,23980,15645
166391,Lasell University,1559,1760,42988396,36701339,6325,10206,8516
166452,Lesley University,2592,5413,87991645,188022581,9182,14935,4321
166489,Longy School of Music of Bard College,284,5597,7878876,8523174,10791,8755,2600
166656,MCPHS University,9462,2254,197275155,1676213708,2510,12589,3083
166717,William James College,873,17667,40121495,927410,5224,18031,5036
166850,Merrimack College,5643,3089,134590934,76251129,3704,9175,7298
166869,MGH Institute of Health Professions,1738,5098,69689000,50511000,5894,22625,2589
166911,Montserrat College of Art,287,2969,9917074,3510374,13942,10726,6918
166939,Mount Holyoke College,2288,9670,135806689,1036214880,12427,26286,9701
167057,The New England Conservatory of Music,715,8048,52455753,150987507,19453,37426,8383
167093,New England College of Optometry,550,5548,27865618,11019273,12647,25140,3991
167215,New England Law-Boston,984,2638,21381865,86373261,6262,6779,3100
167260,Nichols College,1292,3045,33783473,30234512,6061,7136,9219
167394,College of Our Lady of the Elms,1107,688,28612433,20988104,10029,9878,5104
167598,Regis College,2639,2517,80902390,48734592,12347,11629,4164
167677,Saint John's Seminary,108,3934,5980981,36909880,20849,29450,1146
167783,Simmons University,5026,4074,159701905,225575769,7201,17005,3006
167792,Bard College at Simon's Rock,277,6295,17994920,2423810,23010,23052,12606
167835,Smith College,3166,15083,242944895,2470415647,14765,28962,15856
167899,Springfield College,2891,1164,79839431,99125167,5752,13744,5747
167996,Stonehill College,2456,2937,80768376,290568570,5297,15060,8670
168005,Suffolk University,6705,6003,248778329,249936630,8457,11904,5516
168218,Wellesley College,2702,8845,228744000,2888870000,16283,37532,17493
168227,Wentworth Institute of Technology,3968,1285,110460983,149625584,6557,14210,5786
168254,Western New England University,3219,4255,91856377,62127725,6154,12348,5779
168281,Wheaton College (Massachusetts),1724,2817,73984177,256218480,12638,17099,10149
168421,Worcester Polytechnic Institute,6872,4542,311725000,631031000,6066,21980,4600
168528,Adrian College,1727,714,44166981,50551776,9976,8167,6717
168546,Albion College,1621,1384,55481279,149894316,7794,15244,9495
168591,Alma College,1376,1222,48629279,132927901,6288,13819,14011
168740,Andrews University,2432,5042,73660383,66259645,7314,13621,2980
168786,Aquinas College,1092,2187,31831423,43962214,6930,9338,10070
168847,Baker College,2901,2437,63622078,332292988,5889,9839,3767
169080,Calvin University,3170,3327,100852000,254434000,5712,12705,6633
169099,Calvin Theological Seminary,96,15079,9321674,56482543,26669,39213,9653
169220,Michigan School of Psychology,257,987,6006002,4440,7854,12067,2462
169327,Cleary University,893,350,13239514,1341586,6306,3403,4766
169442,College for Creative Studies,1263,3853,48926793,81924503,12564,15029,6449
169479,Davenport University,3489,8916,89963759,30009003,4970,6977,4922
169716,University of Detroit Mercy,4664,8918,148117839,95365208,4667,13803,3228
169983,Kettering University,1808,2706,57788319,110070878,11435,12575,3745
170037,Cornerstone University,1574,2521,30532002,16507899,4418,5782,6315
170091,Great Lakes Christian College,127,3232,3605654,1004455,8780,4888,11490
170301,Hope College,3162,3697,99472000,296649000,5217,12457,6321
170532,Kalamazoo College,1415,2207,58110085,286769775,9989,18858,9699
170675,Lawrence Technological University,2449,2587,90735875,51202540,10916,14337,9005
170806,Madonna University,1821,1720,43637522,46876787,5985,11473,4690
170967,Rochester University,950,0,15740610,4752945,5312,7761,3496
171492,Northwood University,2158,336,43023067,105487250,7018,7175,5409
171599,The University of Olivet,817,980,21318842,24884692,4188,9812,9843
171881,Kuyper College,77,10726,5143211,5905638,15326,22637,7589
172033,Sacred Heart Major Seminary,191,3769,8791424,31250115,18922,14749,8588
172264,Siena Heights University,1505,2224,34666860,13293717,5158,6834,8123
172334,Spring Arbor University,2261,1461,39159563,26389581,3342,6140,6026
172477,Thomas M Cooley Law School,609,11147,31794685,23576577,9288,22108,6968
172608,Walsh College,565,9255,23508844,12073797,16289,12189,3876
172705,Western Theological Seminary,253,5120,10257307,31869385,13625,17580,4019
173045,Augsburg University,3230,1603,73832499,70765390,3465,11487,5569
173142,Bethany Lutheran College,743,1094,19926543,49458925,5468,12547,7639
173160,Bethel University,3238,2752,74140961,89862596,5607,9885,3931
173258,Carleton College,1963,16124,157364110,1176531478,11351,39319,10230
173300,Concordia College at Moorhead,1895,3142,55219676,171705611,7342,11974,6479
173328,Concordia University-Saint Paul,5245,975,82141805,45677631,2257,4240,7797
173452,Martin Luther College,780,2283,19616976,24011960,4881,11211,6774
173647,Gustavus Adolphus College,2170,2465,80485417,290444612,6272,19215,7537
173665,Hamline University,2412,3044,61401677,126516616,5000,9894,6765
173683,Hazelden Betty Ford Graduate School,189,490,2310506,28669927,3077,7075,996
173896,Luther Seminary,328,6580,20238536,120028613,20499,28952,3481
173902,Macalester College,2219,6417,121943000,834667000,11685,24298,11655
174127,Minneapolis College of Art and Design,760,1451,24969065,50555286,5759,18853,6246
174437,North Central University,723,3713,21847407,4123927,9669,9741,2284
174491,University of Northwestern-St Paul,2405,1759,50583913,22112282,5506,8491,5277
174507,Northwestern Health Sciences University,922,2019,30902405,2980082,12163,13275,3044
174525,Oak Hills Christian College,89,1214,3317990,841149,10050,6665,9187
174747,College of Saint Benedict,1536,4627,52052510,118034432,8035,14852,6374
174792,Saint Johns University,1645,6188,61656268,276143788,7900,15032,7078
174817,Saint Mary's University of Minnesota,2870,2653,71294173,67202697,6593,8242,5226
174844,St Olaf College,3030,4653,115429147,711741089,5471,18581,8619
174862,Crown College,1117,3010,17250295,10400791,4048,3324,5061
174899,The College of Saint Scholastica,3310,2196,68258856,102206639,3158,9827,4718
174914,University of St Thomas,8579,2920,251725000,710223000,4880,15185,5713
175005,St Catherine University,3158,2789,91027170,129354437,6662,12465,4788
175139,United Theological Seminary of the Twin Cities,154,4106,4081093,8134635,10060,8391,3275
175227,Dunwoody College of Technology,1225,2694,38131092,51031834,8475,16199,3759
175281,Mitchell Hamline School of Law,1140,2474,37064434,50112292,5855,15777,4158
175421,Belhaven University,3037,1023,44721456,7137355,3403,4104,4036
175430,Blue Mountain Christian University,755,828,12366499,19210598,4383,9182,1986
175980,Millsaps College,729,3447,29295005,103359546,10320,15750,10669
176053,Mississippi College,3433,1182,71228768,99277607,4708,9764,3635
176318,Rust College,535,648,19575132,45787334,21922,7008,4283
176406,Tougaloo College,604,4538,29420155,27120612,17490,6198,12448
176451,Wesley Biblical Seminary,113,1487,2069627,4813723,8705,5820,2303
176479,William Carey University,3782,369,70699152,30896691,4250,12626,1359
176628,Avila University,1219,488,25352832,15093619,6190,8590,5530
176664,Mission University,263,2086,4091855,415784,4045,4550,4877
176789,Calvary University,195,5512,5119060,453110,8810,9212,2718
176910,Central Christian College of the Bible,161,3372,6337564,2090766,16582,8896,6205
176947,Central Methodist University-College of Liberal Arts and Sciences,1106,1203,26426427,64408659,3638,12829,5628
177038,Cleveland University-Kansas City,652,4849,19823657,19250069,6331,11283,6836
177065,Columbia College,4378,1095,75056529,169372373,2154,8652,5242
177083,Conception Seminary College,26,11286,2381069,8380469,36938,25738,17617
177092,Concordia Seminary,273,14768,21984069,206174475,28394,25079,12287
177117,Cottey College,304,4061,17640913,110107244,20981,17699,15174
177126,Covenant Theological Seminary,342,1859,8496709,43981126,6218,11153,5614
177144,Culver-Stockton College,945,368,20678217,38248482,6217,5030,5265
177214,Drury University,1564,0,47942961,84107752,11825,11577,7230
177339,Evangel University,1824,552,38093420,25886618,3454,5728,4271
177418,Fontbonne University,839,3667,25479893,10570311,6702,11348,5672
177542,Hannibal-LaGrange University,494,1761,8388572,10367549,4019,4429,2673
177719,Barnes-Jewish College Goldfarb School of Nursing,682,4107,24192855,39204990,9345,15713,4868
177746,Kansas City Art Institute,729,5904,23635545,76784434,9062,13338,4118
177834,A T Still University of Health Sciences,4003,12164,180269329,123749100,7382,21523,1818
177968,Lindenwood University,5857,967,110637398,188685883,4467,7543,5913
177986,Logan University,1976,3411,45842491,29970825,7074,4705,2589
178059,Maryville University of Saint Louis,8195,1278,106654585,68824391,3517,5919,2302
178208,Midwestern Baptist Theological Seminary,2506,1946,22026973,30581377,3103,2479,1262
178244,Missouri Baptist University,2464,1215,34674341,4879038,3781,5424,3653
178369,Missouri Valley College,1361,1015,19010489,11820604,2393,4923,5637
178518,Nazarene Theological Seminary,98,6551,3936298,12955768,16793,13876,2947
178679,Ozark Christian College,540,1085,9563259,5078069,5530,5952,4152
178697,College of the Ozarks,1620,317,60531768,567380345,8694,12597,2091
178721,Park University,5066,946,69021442,56871387,3531,6971,2037
178891,Ranken Technical College,1932,594,34427207,77333661,8798,5310,705
179043,Rockhurst University,2620,2948,58201343,36005862,5233,9075,3397
179159,Saint Louis University,12357,5482,561312747,1731282211,10604,20795,2906
179265,University of Health Sciences and Pharmacy in St. Louis,669,5000,48694705,129667293,11250,28553,16151
179317,Saint Paul School of Theology,66,12023,3898976,34339100,22653,18269,5917
179326,Southwest Baptist University,1840,990,35720421,35219605,3112,8451,4663
179548,Stephens College,614,2322,19336629,56689943,9562,14977,4633
179812,Kansas City University,1971,3797,84188565,32490735,14474,19517,2998
179894,Webster University,4981,5486,148919774,86049370,8397,11475,4373
179946,Westminster College,605,3608,22851509,59331135,12660,9543,11959
179955,William Jewell College,865,2836,33097139,65347758,11278,13368,10780
179964,William Woods University,1118,1885,22101844,18803282,5721,7011,5152
180054,Blackfeet Community College,206,1021,11616874,5342159,17764,15691,3642
180106,Carroll College,1110,2805,33605362,70468918,7193,10866,8405
180258,University of Providence,708,1330,22836738,19477568,12105,9512,9307
180595,Rocky Mountain College,1038,2235,26133776,40587952,4307,10868,7767
180647,Salish Kootenai College,523,1887,31069083,17895176,16918,20900,3201
180814,Bellevue University,9999,983,126043861,106319108,3452,2774,5363
180832,Clarkson College,883,4495,21380820,5610980,2939,14384,2395
180878,Bryan College of Health Sciences,554,5204,16950851,7828803,2675,11066,3044
180984,Concordia University-Nebraska,1775,1580,34415541,70806731,5331,5687,6791
181002,Creighton University,8418,11220,359579000,745399000,5268,18047,4476
181020,Doane University,1466,4579,43016446,124564584,4184,12925,7654
181127,Hastings College,953,1545,26590736,103044666,8094,9165,8872
181297,Nebraska Methodist College of Nursing & Allied Health,1091,357,22989186,13762134,6806,10494,2154
181330,Midland University,1440,484,29245684,24331466,4865,7592,7369
181446,Nebraska Wesleyan University,2043,2484,39648000,70406000,3033,8040,5847
181604,College of Saint Mary,863,675,27236667,26985164,14152,12438,3895
181738,Union Adventist University,652,3578,20588748,29971816,8632,12903,6034
181853,York University,542,1268,11259520,22627370,7366,5625,6516
182634,Colby-Sawyer College,923,4426,30001748,65763908,7793,10786,9203
182795,Franklin Pierce University,1740,2880,42068386,20875701,3923,9678,7665
182980,New England College,2824,1976,46721991,31958910,4501,5391,4456
183211,Rivier University,2168,1378,38294362,42378881,4049,8049,4189
183239,Saint Anselm College,2144,2937,68328617,200158610,6733,13841,7534
183275,Thomas More College of Liberal Arts,98,785,2129309,3294711,7411,11071,2460
183600,Assumption College for Sisters,26,1940,761585,1440126,18132,4639,4581
183804,Beth Medrash Govoha,8853,226,88502226,12743943,821,1102,655
183822,Bloomfield College,1123,2696,36559163,15488770,8898,11240,5318
183910,Caldwell University,1710,2389,35118711,11669094,4735,8849,4564
183974,Centenary University,1231,2452,29766751,15536589,4886,10738,6095
184348,Drew University,2169,4560,75788000,128610000,10619,12018,7745
184603,Fairleigh Dickinson University-Metropolitan Campus,4096,4330,100415000,96344000,4523,9933,5679
184612,Felician University,1990,2229,53444295,6224407,2348,10003,7885
184773,Georgian Court University,1545,5064,48062864,51743669,8200,9921,7924
185572,Monmouth University,4768,6950,160028596,153192000,8618,13724,3478
185758,New Brunswick Theological Seminary,68,15809,4670656,11874002,24137,19099,3040
186283,Rider University,3708,3748,120887000,73183000,7249,13922,7415
186432,Saint Peter's University,3303,3240,76135975,39220636,7151,6827,5833
186584,Seton Hall University,9282,4782,282688000,335817000,6307,11854,6161
186618,Saint Elizabeth University,967,2987,27586015,21465334,8611,11824,5106
186867,Stevens Institute of Technology,8949,7335,314256000,318947000,4869,12593,5172
188182,University of the Southwest,746,1463,11122331,12753077,4987,5256,3202
188207,Southwestern College,169,7911,4259802,1302257,4142,7281,3586
188340,Vaughn College of Aeronautics and Technology,1169,4270,36666160,6993403,9477,13720,3898
188429,Adelphi University,6670,3498,209417430,223962671,5405,16129,4931
188526,Albany College of Pharmacy and Health Sciences,1033,2398,48390995,67814570,10415,24545,6646
188535,Albany Law School,635,6440,25576101,75548953,9556,18922,5359
188641,Alfred University,1859,4818,69417558,176525647,7571,15380,6631
188678,American Academy of Dramatic Arts-New York,216,3470,7668323,10782671,19654,6063,6314
188915,Arnot Ogden Medical Center,28,4176,843234,16522036,4746,16824,1451
189088,Bard College,2949,5266,202091705,151323688,7961,39728,5306
189097,Barnard College,3160,9461,199929000,466428000,15371,30155,5314
189282,Mount Sinai Phillips School of Nursing,421,724,2970135,1064175,2492,2963,639
189413,Boricua College,584,1672,11692302,697597,5952,4467,4396
189501,Brooklyn Law School,1219,6045,59011813,242247870,14811,19912,6489
189705,Canisius University,2377,3225,67744604,142787396,7736,9285,7894
190044,Clarkson University,3354,4279,122838403,218427219,5506,16572,5957
190099,Colgate University,3119,6679,206417262,1202362526,12958,27922,17545
190114,Metropolitan College of New York,673,3402,25041706,893520,11178,10538,12091
190503,Culinary Institute of America,3871,3901,140595374,144302202,9689,13477,4474
190716,D'Youville  University,2289,5281,70817912,51712746,4519,13542,5871
190725,Daemen University,2511,2373,51633712,24694097,3101,9657,4208
190761,Dominican University New York,1400,1601,33907656,8453474,6074,10629,5915
190956,Belanger School of Nursing,94,0,2395960,162663,7661,14600,3228
190983,Elmira College,698,2126,30415023,28466382,16196,10512,14651
191515,Hamilton College,2110,11315,142833000,1282403000,13289,29218,13161
191533,Hartwick College,1120,1423,46276376,50211828,13146,15073,11035
191597,Helene Fuld College of Nursing,508,3447,12649914,644918,5283,13490,2681
191621,Hilbert College,1059,570,18551410,4895458,6199,5925,4824
191630,Hobart William Smith Colleges,1556,6782,86901322,181347857,8535,19989,19244
191649,Hofstra University,9906,3281,371115731,797726112,6263,19225,6958
191676,Houghton University,785,2144,25422970,69416105,6618,12006,11477
191931,Iona University,3331,3080,97625000,207953000,5890,11246,8977
191968,Ithaca College,5249,3245,163801769,373689268,7805,14377,5154
192192,Keuka College,1128,1122,30241615,17623100,10489,8374,6825
192323,Le Moyne College,3007,2713,79285215,236911192,5436,12048,4758
192448,Long Island University,10313,4331,275870052,398988362,4033,12507,5073
192703,Manhattan College,3369,4275,148703726,145433460,8475,16416,14697
192712,Manhattan School of Music,1245,5469,40938700,34843403,8811,15213,3389
192749,Manhattanville College,2063,3161,56915218,30173776,7002,10741,6684
192785,Maria College of Albany,599,2620,15917194,1050577,8328,11263,4017
192819,Marist College,6082,3630,173722592,412133111,3877,13355,7459
192864,Marymount Manhattan College,1491,3267,47214059,27478527,8124,13815,6460
193016,Mercy University,6770,4530,145899440,325791538,5614,8124,3282
193052,Mesivta Torah Vodaath Rabbinical Seminary,720,1064,5901576,1357798,1444,3594,1000
193292,Molloy College,4590,5404,121689549,49255498,4495,12951,3480
193353,Mount Saint Mary College,1513,3398,41814207,9730647,6858,10462,6901
193399,University of Mount Saint Vincent,3730,2098,59749968,49435184,3510,7775,2636
193584,Nazareth University,2430,3074,71023867,84424711,4848,13967,6635
193654,The New School,9622,8669,409450000,449893000,9186,17783,3861
193751,Northeast College of Health Sciences,541,5130,20548641,62321333,10603,15668,6257
193821,New York Law School,1055,6387,56856504,49841665,8543,26922,10469
193830,New York Medical College,1359,9705,113990794,73713091,20233,23882,6295
193894,New York Theological Seminary,79,983,2176118,472000,12763,12547,0
193973,Niagara University,3703,3719,85006126,103043565,5126,8646,3730
194073,New York College of Podiatric Medicine,352,2416,16461516,520398,16385,18396,2632
194091,New York Institute of Technology,6490,3614,255063696,100104365,10246,19277,3889
194116,New York School of Interior Design,426,5875,17791420,10108977,9518,22116,4254
194310,Pace University,13052,4887,333193582,232404376,5604,11272,3432
194392,Paul Smiths College of Arts and Science,740,1632,22515802,34139186,6182,9897,5424
194569,Davis College,149,1253,1167830,1396713,2623,1632,2249
194578,Pratt Institute-Main,5472,6595,207339956,254946282,7641,18644,4146
194763,Rabbinical Seminary of America,717,0,8568925,78866,2987,5357,679
194824,Rensselaer Polytechnic Institute,7521,3582,399132000,920824000,8053,19846,4035
194958,Roberts Wesleyan University,1586,1995,37852008,33941628,6574,9977,5320
195003,Rochester Institute of Technology,14113,5027,571660000,1282516000,4161,20440,4650
195128,Russell Sage College,1856,2648,41415382,44406504,6004,9402,4260
195155,St Bernard's School of Theology and Ministry,55,853,1555577,1349937,11170,8356,1259
195164,St Bonaventure University,2664,4640,69698995,80824663,4059,8930,7968
195173,St. Francis College,2801,3917,89168819,45960441,8684,11119,8115
195191,St. Joseph's College of Nursing,235,9277,5581610,1868904,1850,11885,740
195216,St Lawrence University,2173,6914,106614369,378997553,9660,19814,11387
195234,The College of Saint Rose,2374,1456,55276207,29104356,5818,11138,4872
195243,St. Thomas Aquinas College,1297,2468,37859001,43176551,5291,10130,6402
195304,Sarah Lawrence College,1701,3983,78025670,138669444,10737,22053,8841
195474,Siena College,3515,3560,93047295,171314952,5775,10194,6504
195526,Skidmore College,2818,6427,146692000,428878000,12351,24382,7825
195544,St. Joseph's University-New York,3812,1685,93308000,60013000,7090,10813,4889
195580,Saint Vladimirs Orthodox Theological Seminary,85,3394,5526176,18098360,34964,14490,2636
195720,St. John Fisher University,3567,3267,86265257,131051997,3939,12318,4660
196468,Teachers College at Columbia University,3733,5519,199406887,467114714,11099,20148,3474
196592,Touro University,10081,6877,398075703,44111000,5984,15457,3122
196653,Trocaire College,713,1838,18461069,33498854,9044,11086,3861
196680,Excelsior University,5096,3409,69748737,25601019,5697,2029,2552
196866,Union College,2076,7000,122766623,522125163,13775,27383,5349
197045,Utica University,3782,1607,80538004,34819284,4589,10232,4847
197133,Vassar College,2487,14781,193358066,1224163708,17168,32622,11369
197142,Villa Maria College,415,1853,10315154,1945715,9797,8002,4133
197197,Wagner College,1779,2268,62289734,105120848,7972,12532,12243
197221,Webb Institute,102,8192,7981022,70477801,28232,32666,9155
197230,Wells College,341,4680,19316155,28706339,21966,15230,14770
197692,Yeshivath Shaar Hatorah,71,1536,2996488,99000,4197,18574,4636
197708,Yeshiva University,6167,7724,274059000,504478000,11285,19364,4558
197735,Yeshivath Viznitz,1138,0,10596410,148,2484,5051,1423
197911,Barton College,1169,1510,25565710,28772743,4530,7823,7839
197984,Belmont Abbey College,1502,1734,40912736,11651697,9125,7350,9030
197993,Bennett College,156,10394,12319108,15341498,42092,16062,10421
198066,Brevard College,726,1490,17596548,33654804,8651,6809,7287
198109,Cabarrus College of Health Sciences,468,1205,9827474,4129133,3161,13466,3166
198136,Campbell University,5449,2632,153332423,188619073,6535,14093,4606
198215,Catawba College,1153,1665,61782811,321799560,13793,11956,6081
198303,Chowan University,834,1359,22511816,28585450,9099,7547,7749
198385,Davidson College,2091,6757,132279202,1322217036,14420,21537,18483
198516,Elon University,6852,1358,239224508,322090123,6772,19056,7727
198561,Gardner-Webb University,2656,919,59539179,72478059,4729,9515,6523
198598,Greensboro College,822,435,18892174,27948701,5028,10399,7121
198613,Guilford College,1227,3915,37141440,77345082,5179,9574,7014
198677,Heritage Bible College,22,1052,421297,10520,9186,6305,1687
198695,High Point University,6627,1766,189975483,151489137,7601,11386,7738
198756,Johnson C Smith University,1065,4525,43261759,64251820,15444,10208,7573
198808,Lees-McRae College,853,2379,20814125,34836868,6658,7637,7201
198835,Lenoir-Rhyne University,2038,1285,56271528,128381078,7530,10810,7683
198862,Livingstone College,819,2511,29682646,6515278,20190,9578,3964
198871,Louisburg College,437,1959,8276318,13826024,9042,3359,4573
198899,Mars Hill University,956,1379,28073348,59170846,4828,16897,3847
198950,Meredith College,1442,4332,48601637,130100558,8611,16214,3377
198969,Methodist University,1700,1348,40600022,45459558,4793,11450,6292
199032,Montreat College,941,1974,24287931,9776730,5367,7737,8365
199069,University of Mount Olive,1872,2110,31076697,43004236,3892,4280,6065
199209,North Carolina Wesleyan University,1281,1488,26597005,12759310,5503,6454,6643
199272,William Peace University,702,3506,19796047,49296201,10438,5676,8417
199306,Pfeiffer University,1031,2682,24869446,17638682,3758,12221,4957
199412,Queens University of Charlotte,1760,5810,71791763,153458066,12704,10641,11637
199458,Mid-Atlantic Christian University,112,4087,3576382,4151950,9700,9732,8413
199582,Saint Augustine's University,986,1282,21032788,791258,4156,7433,4476
199607,Salem College,377,6506,19694113,58542047,18259,13091,14383
199643,Shaw University,964,349,40526683,13780704,18999,7396,8741
199698,St. Andrews University,806,1960,20563449,5534056,1808,7022,11326
199759,Southeastern Baptist Theological Seminary,1650,2962,27986465,43774514,7696,5500,803
199865,Warren Wilson College,797,2919,25616938,54958775,7650,12478,8008
199962,Wingate University,3491,1427,73236000,125060933,3369,9406,6130
199971,Carolina Christian College,56,2063,858429,293639,8954,2591,186
200156,University of Jamestown,1307,382,27909859,42572530,5683,9653,5636
200217,University of Mary,3643,468,81881827,68580534,5834,8549,2144
200484,Trinity Bible College and Graduate School,222,960,6041941,1361454,9870,8495,5423
200527,Turtle Mountain Community College,500,6518,28777790,2417278,11777,11289,3994
200554,United Tribes Technical College,514,2363,35176337,901200,20502,8861,13021
200873,Allegheny Wesleyan College,55,6924,1510105,456861,10000,7902,1587
201061,Art Academy of Cincinnati,249,6863,6799154,2170164,11090,3396,5498
201104,Ashland University,3218,3584,102332772,58605892,9245,12180,6791
201140,Athenaeum of Ohio,118,10052,6107745,36297822,15395,17968,7467
201177,Aultman College of Nursing and Health Sciences,206,5974,5641197,2404355,5749,10024,5637
201195,Baldwin Wallace University,3175,2812,97766359,167791194,5636,16054,5928
201371,Bluffton University,675,3898,17155093,24768011,3991,9788,6393
201548,Capital University,2622,2177,65131439,131105139,5421,11912,5330
201654,Cedarville University,4637,4699,96347745,46563416,3880,9856,2343
201821,The Christ College of Nursing and Health Sciences,836,887,9804033,11107041,1207,6700,2934
201867,Cincinnati College of Mortuary Science,103,2858,2842283,680613,3666,9256,1578
201964,Ohio Christian University,814,254,16718233,6395689,4837,5319,3960
202046,Cleveland Institute of Art,538,8236,21178423,37215824,10133,14087,6909
202073,Cleveland Institute of Music,331,8068,21404267,50856887,22765,31604,2228
202170,Columbus College of Art & Design,906,1118,24539311,21781237,10252,12435,2429
202480,University of Dayton,11275,3586,491449000,805161000,3086,12851,2729
202514,Defiance College,521,1511,15090362,19139372,5696,10188,11570
202523,Denison University,2490,8111,143454000,1008066000,10873,24645,13618
202763,The University of Findlay,3854,2027,77761785,53744271,3588,10913,3648
202806,Franklin University,6305,1316,72526000,10784000,5648,2974,1548
202912,Good Samaritan College of Nursing and Health Science,356,3266,8453290,5938266,7587,11423,1469
203085,Heidelberg University,1047,2212,33394450,65555103,11559,8546,8256
203128,Hiram College,796,5384,29155708,63971203,9037,12261,9946
203368,John Carroll University,2627,3918,88206279,262595617,5677,15060,6924
203535,Kenyon College,2068,6793,110689734,560253833,8884,23320,13763
203544,Kettering College,1153,2119,19594318,3213126,2322,9822,2716
203580,Lake Erie College,867,2737,21048761,33462698,6063,7412,7516
203757,Lourdes University,843,1987,26653135,8940750,12407,9616,7607
203775,Malone University,986,1400,24501999,23670132,8002,8784,6664
203845,Marietta College,1182,3627,44515044,89434221,8259,17818,7956
203960,Mercy College of Ohio,985,783,22046899,27714848,8799,9914,2683
203997,Methodist Theological School in Ohio,118,5028,5522731,61013317,16606,15787,4526
204176,Mount Carmel College of Nursing,849,791,19952811,2434805,2810,10879,431
204185,University of Mount Union,2449,1650,52249124,166205077,4010,10222,5453
204194,Mount Vernon Nazarene University,1572,1424,32068605,26786948,3955,7706,6837
204200,Mount St. Joseph University,1743,2536,46715458,67262749,5536,11154,7576
204264,Muskingum University,1744,1688,37865912,93787992,4833,9858,5102
204501,Oberlin College,3376,5960,165816160,1199537000,9541,25667,7118
204617,Ohio Dominican University,1173,2370,27403664,18981307,6442,8129,6421
204635,Ohio Northern University,2969,2406,77867088,203437069,3841,14754,5000
204909,Ohio Wesleyan University,1490,4497,55035863,285578126,8273,13558,10232
204936,Otterbein University,2361,3115,63695411,118995913,5445,11918,4334
204990,Payne Theological Seminary,129,9198,3708107,642863,7186,6611,5749
205027,Pontifical College Josephinum,84,3825,7079913,30556141,29440,31414,11709
205124,Rabbinical College Telshe,78,5295,2549149,119563,6542,14783,5900
205203,University of Rio Grande,1493,805,19062112,16408373,3297,5646,3020
205957,Franciscan University of Steubenville,3277,2575,64375567,78435011,5537,7199,4334
206048,Tiffin University,2596,1296,40439625,18330658,3704,4853,5691
206288,United Theological Seminary,424,3226,7345023,9035554,6120,5548,1693
206349,Ursuline College,877,2261,24622820,47260307,5465,13997,6353
206437,Walsh University,2210,1668,39906307,36560616,3939,7381,5018
206491,Wilberforce University,216,6852,14467973,6522048,30817,11941,11457
206507,Wilmington College,1061,1474,26222319,30018775,7542,5618,5127
206516,Winebrenner Theological Seminary,106,1281,1188151,2129451,4486,4727,715
206525,Wittenberg University,1330,2216,50941048,102600222,11387,13534,10919
206589,The College of Wooster,1873,5305,82069357,395470809,6435,17757,12199
206622,Xavier University,5997,2368,156032000,243821000,6340,13212,3919
206817,Bacone College,198,872,3927964,4934996,13250,4350,1367
206835,Oklahoma Wesleyan University,719,1137,18483812,10602037,9661,6894,8016
206862,Southern Nazarene University,1940,1617,41932702,44621421,4165,8744,7089
207157,Randall University,232,1075,3775728,786177,7136,4189,3874
207324,Oklahoma Christian University,2424,690,38389832,49717079,3890,6777,4295
207403,Oklahoma Baptist University,1208,2591,40378431,169864518,8591,11441,10574
207458,Oklahoma City University,2685,2750,71496645,187984723,3712,15679,4487
207582,Oral Roberts University,3779,916,84620611,47635620,7025,7230,4595
207856,Southwestern Christian University,350,982,5188473,2186670,4217,3172,6454
207971,University of Tulsa,3510,7906,183182318,1263999000,11345,17575,5788
208725,New Hope Christian College-Eugene,38,1842,2862674,878344,33758,17073,14722
208822,George Fox University,3830,1016,85939289,30903613,5525,12226,3672
209056,Lewis & Clark College,3477,3391,115324291,312222660,7280,16321,4963
209065,Linfield University,1777,2996,61110365,111899560,6859,13564,7870
209241,Mount Angel Seminary,104,4933,12571185,26924608,21367,14816,1964
209287,Multnomah University,474,3920,13203000,8038000,11831,5080,7023
209296,National University of Natural Medicine,363,3566,13015163,1443294,8049,17489,3518
209409,Bushnell University,654,2299,15733112,17298599,4305,6815,8129
209612,Pacific University,3657,5404,117508127,59464673,6609,13780,4804
209825,University of Portland,3744,1296,126159000,300892000,6027,17377,8805
209922,Reed College,1506,10216,94887070,720867118,12771,27485,9949
210304,Warner Pacific University,371,1638,9570328,15307759,9046,7572,7531
210331,Corban University,972,1633,18265474,761452,6013,4462,4298
210368,Western Seminary,465,1560,10559894,2390714,5569,12091,2483
210401,Willamette University,1890,8753,80397600,304778000,9370,16259,7438
210438,University of Western States,1067,5005,27456062,3985550,8599,8548,3528
210492,Bryn Athyn College of the New Church,268,6584,14500387,60037607,12439,14518,18556
210571,Albright College,1545,955,50810829,53600000,9247,14949,7736
210669,Allegheny College,1415,5677,63367920,264015690,8250,16476,13712
210739,DeSales University,3210,1331,71828171,94710873,4882,11852,4311
210775,Alvernia University,2398,3321,62948006,16195161,6518,7762,4743
210809,American College of Financial Services,3004,2764,47623857,42548704,6664,4149,1047
211024,Clarks Summit University,436,1126,9873164,2640722,6016,6423,4590
211088,Arcadia University,3047,2249,106599000,67793000,6688,10493,5648
211130,Missio Theological Seminary,132,3188,2924637,1497570,10240,5269,1939
211273,Bryn Mawr College,1849,10367,130201000,1141787000,13520,25749,7851
211291,Bucknell University,3961,9092,237685000,1088267000,10912,23940,12848
211352,Cabrini University,1500,1588,43828093,31804796,13140,9862,4101
211431,Carlow University,1759,3805,59486544,53100132,11571,11494,1827
211468,Cedar Crest College,1169,1211,32660594,38616890,8314,12131,4816
211556,Chatham University,2225,1171,69338911,79108210,6694,13314,9213
211583,Chestnut Hill College,1273,2175,29715477,18759866,4172,9891,4953
211981,Delaware Valley University,2052,3053,52251580,36903592,6742,10092,5116
212009,Dickinson College,2237,5108,100989145,589035385,9559,19997,8955
212106,Duquesne University,7996,5047,253386000,594963000,6894,15434,2523
212133,Eastern University,5342,929,58365625,31173526,2388,4159,3442
212197,Elizabethtown College,2144,938,66348402,98565204,10215,13585,6208
212577,Franklin and Marshall College,2113,4356,107371621,430830391,11902,19806,12496
212601,Gannon University,4320,2435,95647000,75107000,4446,9792,4859
212656,Geneva College,1148,3047,29762068,55168476,4153,9785,7564
212674,Gettysburg College,2590,5326,112955197,385312179,7935,16468,9276
212771,Gratz College,298,6261,5324006,4900599,5689,2819,305
212805,Grove City College,2274,3132,72534550,203171033,6367,16356,417
212832,Gwynedd Mercy University,1757,5534,48212000,70076000,6995,10506,4371
212869,Harcum College,742,1194,22773408,2434301,7074,14076,7642
212911,Haverford College,1520,7004,100849353,643196238,15993,27089,13051
212984,Holy Family University,2589,2065,45443029,26540667,3981,9009,2497
213011,Immaculata University,2040,811,34829509,25499732,5562,6635,4023
213233,Johnson College,512,1714,12189633,2918459,8122,9115,4110
213251,Juniata College,1230,3760,45620812,123189625,7869,14005,9637
213303,Keystone College,1213,1271,20624629,4596809,6647,5454,3459
213321,King's College,2025,2719,49606898,117667415,4583,11683,5006
213358,La Roche University,1696,1220,29300661,12762941,4412,8055,3521
213367,La Salle University,3721,3319,95542883,71666318,6894,9912,5123
213376,Lackawanna College,2088,1234,28791991,10037735,3660,5099,3470
213385,Lafayette College,2805,4781,158577000,1064269000,13419,24350,13182
213400,Lancaster Bible College,1524,1247,34118517,17617181,7343,7564,3747
213446,Lancaster Theological Seminary,43,5381,3587502,16233943,37849,34215,5985
213507,Lebanon Valley College,2013,2036,55854649,87095974,6344,12943,5205
213543,Lehigh University,7217,6703,425466000,1743241000,12230,23889,6665
213598,Lincoln University,1800,1967,51512324,54129564,8428,10791,5560
213631,United Lutheran Seminary,161,13025,10685072,97284116,25287,23439,2454
213668,Lycoming College,1098,4565,42122414,175147000,8892,15490,9416
213774,Manor College,407,1162,8413446,3635256,6154,5209,3322
213826,Marywood University,2760,3638,64263928,56974571,6364,9169,3765
213987,Mercyhurst University,2535,7912,75895989,33423196,6057,9602,6368
213996,Messiah University,3222,3030,87249772,126358914,5708,10317,6746
214069,Misericordia University,2014,2140,52831597,66660057,4474,12467,6044
214148,Moore College of Art and Design,383,3947,14805056,44626030,16057,15149,3503
214157,Moravian University,2565,2128,74204642,138435593,5192,14766,6643
214166,Mount Aloysius College,1345,1825,24983238,60982445,5045,6715,4697
214175,Muhlenberg College,2148,2028,80315412,316884240,6342,20054,8721
214272,Neumann University,1752,2586,50143941,27685564,8585,8892,8351
214564,Salus University,1886,1748,60497018,54505338,6317,12943,2316
214582,Pennsylvania Institute of Technology,497,1464,11030664,1577981,7562,11364,1534
214883,Peirce College,565,2492,16265821,3590365,10586,8535,6544
215053,Pennsylvania College of Art and Design,234,2128,9898950,2968387,27543,9349,3283
215105,University of the Arts,1362,14089,65824268,62435404,9789,17776,5722
215114,Cairn University-Langhorne,1027,1415,21528007,13316803,5844,6974,4110
215123,Philadelphia College of Osteopathic Medicine,3227,8534,180287720,573242728,16112,25155,2273
215266,University of Pittsburgh-Bradford,1235,1026,26472706,543199,3371,11381,5353
215275,University of Pittsburgh-Greensburg,1329,1436,18310385,7329316,1298,7881,3059
215284,University of Pittsburgh-Johnstown,2001,1002,31184648,65836222,1356,10103,3028
215415,Pittsburgh Technical College,1252,1789,26530733,500000,5267,7155,6980
215424,Pittsburgh Theological Seminary,116,13675,12693790,222946160,18009,38303,10840
215442,Point Park University,2994,3223,78847984,52551881,6186,12291,4635
215655,Robert Morris University,3496,2791,93243629,45525530,5534,10555,6563
215691,Rosemont College,618,3727,15713346,15386431,8603,7659,5437
215743,Saint Francis University,2309,851,61196630,60051414,6694,10405,7477
215770,Saint Joseph's University,7065,2140,231291322,468085827,8659,11293,9284
215798,Saint Vincent College,1582,2620,48985904,133901904,6235,12982,6797
215929,University of Scranton,4592,2993,128538688,283267907,5250,14632,4475
215947,Seton Hill University,2254,1481,52219606,56321713,6858,10176,4636
216047,Saint Charles Borromeo Seminary-Overbrook,181,12034,10623907,17813030,27986,12016,6403
216278,Susquehanna University,2291,2316,71754855,204382501,5663,12780,10030
216287,Swarthmore College,1704,19351,170974000,2720329000,24661,40691,11594
216348,Theological Seminary of the Reformed Episcopal Church,16,7720,652391,1323235,2969,27778,1718
216357,Thiel College,1178,1380,26084402,41595464,4769,9103,6891
216366,Thomas Jefferson University,8633,8405,675653239,2665988000,11882,31598,2351
216463,Trinity Episcopal School for Ministry,105,5988,5618869,16039875,24636,15548,4427
216524,Ursinus College,1513,4873,63112532,146823786,10900,15250,8882
216542,University of Valley Forge,550,2100,12355067,2973176,5963,7797,4350
216551,Valley Forge Military College,99,2938,2723103,10051455,15092,4447,888
216597,Villanova University,9973,7280,469331439,1194916000,9330,20054,8890
216667,Washington & Jefferson College,1167,2636,44465888,139292767,8858,17856,8704
216694,Waynesburg University,1373,2807,35595161,35720000,5839,11629,5650
216807,Westminster College,1254,4005,32563889,134064582,4288,9870,7804
216816,Westminster Theological Seminary,530,2876,18035876,15656714,13790,15038,2196
216852,Widener University,5066,2811,133580631,113114564,4757,14063,4433
216931,Wilkes University,4028,2152,91863779,59569344,4143,11141,4236
216940,Williamson College of the Trades,278,1783,13432865,146144794,23139,8065,8922
217013,Wilson College,1110,3983,24994393,63047487,6864,6102,5568
217059,York College of Pennsylvania,3526,4162,87113740,172509819,5145,11630,3729
217165,Bryant University,3516,4619,132159000,215306000,7868,11150,11362
217235,Johnson & Wales University-Providence,4453,3293,133607932,329824904,4444,12806,9378
217305,New England Institute of Technology,2058,3268,60923562,262855025,6678,16368,3278
217402,Providence College,4541,5143,173930476,321647307,12111,16512,3721
217493,Rhode Island School of Design,2706,8312,143426491,398637231,18449,20493,4618
217518,Roger Williams University,4091,3323,122044567,73546268,4648,16812,5047
217536,Salve Regina University,2778,2393,67316000,83049000,6307,9604,5561
217606,Northpoint Bible College,188,2833,5067630,707796,9287,11127,3709
217624,Allen University,636,1553,19995951,580230,15890,4900,8541
217633,Anderson University,4091,1712,71050363,57269129,3626,7397,4604
217688,Charleston Southern University,3305,721,61054017,27291533,3172,9154,5427
217721,Benedict College,1903,1279,48294778,26056567,10422,4563,7586
217749,Bob Jones University,2784,2905,63843825,18625149,7300,7437,4881
217776,Southern Wesleyan University,944,1156,15279292,8747596,5647,6506,2876
217873,Claflin University,1849,1752,60164654,72908681,18684,8664,2805
217891,Clinton College,150,480,8774707,591359,27804,15197,15017
217907,Coker University,914,4384,21094179,33655865,4590,6230,7289
217925,Columbia International University,1715,1327,35972878,4524892,8831,5305,5513
217934,Columbia College,1355,904,27642679,21506655,5181,7505,6810
217961,Converse University,1419,1547,30197301,87697891,6363,7729,5612
217998,Erskine College,908,567,17156737,38378754,5354,6156,6818
218070,Furman University,2514,9060,153509457,787489549,10991,25911,14153
218238,Limestone University,1623,1627,39518421,12654099,7369,8367,6986
218399,Morris College,495,3421,16159892,12416354,11679,8372,9174
218414,Newberry College,1286,1683,30844952,19691034,5866,7970,8467
218441,North Greenville University,2067,2846,42135823,33365363,3730,8350,5459
218539,Presbyterian College,1234,2805,41496002,102653662,6582,14251,9990
218751,Sherman College of Chiropractic,447,2844,15609877,616885,10195,16693,4863
218821,Spartanburg Methodist College,1028,1251,16301380,24015872,6770,6114,1722
218973,Wofford College,1883,4307,72987902,417384227,6262,14077,13499
219000,Augustana University,2028,2294,57074261,115273478,5149,15227,3824
219091,Dakota Wesleyan University,758,1636,17650450,37683892,5765,7011,8003
219198,Mount Marty University,1001,1190,20034465,33957539,4945,7828,6052
219240,Kairos University,441,0,4853889,9292196,6318,4420,268
219374,Sinte Gleska University,452,1259,22122237,2808261,11568,6941,19694
219383,University of Sioux Falls,1376,1237,25300582,35163123,4174,6429,6466
219639,Baptist Health Sciences University,697,9716,23841885,85369696,4921,12784,4050
219709,Belmont University,8980,3504,249662439,364333151,7146,12471,4680
219718,Bethel University,2507,692,33593886,12024378,3623,5488,3597
219790,Bryan College-Dayton,1179,1546,17430130,8140282,2812,5317,5109
219806,Carson-Newman University,2510,2299,42834056,68655364,3269,6202,5295
219833,Christian Brothers University,1831,2118,40702630,41013467,8142,9251,2720
219842,Pentecostal Theological Seminary,251,2060,4767612,21865058,5830,7903,1316
219949,Cumberland University,2193,259,32401579,20022528,4793,3866,4043
219976,Lipscomb University,4680,3663,138603890,100562332,7479,12033,5997
220181,Fisk University,1012,6533,35362503,37007351,10131,6882,5222
220206,Welch College,247,2637,7370732,4338694,9724,7501,3171
220215,Freed-Hardeman University,1799,1217,32915447,74994778,4599,8656,3824
220464,John A Gupton College,136,1133,1228541,2539810,3626,2379,1813
220473,Johnson University,843,2672,23476694,125108003,9346,10233,5598
220516,King University,1350,986,26832436,38788787,6924,7304,4661
220598,Lane College,1104,3010,22524722,8311609,5113,7568,4711
220604,Le Moyne-Owen College,592,1704,23982656,14924978,22324,6049,9231
220613,Lee University,3172,1237,60604139,30326624,5304,8571,3892
220631,Lincoln Memorial University,5287,6023,153175300,50545523,2821,12086,2816
220710,Maryville College,995,2636,27162804,102150862,7385,9377,7773
220871,Memphis Theological Seminary,119,825,4054462,14926485,8469,14700,1751
221351,Rhodes College,2154,4813,77201909,405760962,5799,15714,9515
221519,The University of the South,1722,6194,90055197,462795241,9369,22219,13523
221661,Southern Adventist University,2569,2304,62011845,57688904,5612,11487,4497
221670,Southern College of Optometry,540,5770,33157558,35713882,14097,33568,2374
221731,Tennessee Wesleyan University,1075,614,19076992,15866558,4439,8345,4348
221892,Trevecca Nazarene University,3174,1369,53096578,64304279,2976,7775,4609
221953,Tusculum University,1058,1020,24632729,18665525,5231,5909,8537
221971,Union University,2541,2587,56922631,55249409,2682,13780,3353
222105,William R Moore College of Technology,375,1109,5528372,6823336,3502,8266,1866
222178,Abilene Christian University,4645,2642,135032653,753723541,7628,9692,7260
222628,Amberton University,691,736,6587762,45983455,2669,4066,707
222983,Austin College,1163,1519,42322102,171640451,11042,15720,7768
223001,Austin Presbyterian Theological Seminary,119,15924,10569346,148088138,29932,34243,8719
223117,Baptist Missionary Association Theological Seminary,44,5183,1454279,1605707,12636,8028,181
224004,Concordia University Texas,1812,1928,46507792,28422359,5259,5782,12184
224226,Dallas Baptist University,3361,1401,89480880,65529061,5580,9507,10135
224244,Dallas Christian College,214,2728,4652260,447066,4715,5869,7000
224305,Dallas Theological Seminary,1514,2887,45880690,71902554,10070,10395,4019
224323,University of Dallas,1985,3610,56893000,90219000,7849,12355,4750
224527,East Texas Baptist University,1529,878,34752384,70853780,5397,7581,8872
224712,Episcopal Theological Seminary of the Southwest,90,14465,9191794,42403323,31887,43030,8587
225247,Hardin-Simmons University,1649,882,45031883,213618188,6882,11093,8452
225399,Houston Christian University,3858,1058,73120858,131481153,5462,5846,3544
225548,Howard Payne University,713,1411,20593963,83111367,7524,9885,10063
225575,Huston-Tillotson University,639,3824,27127285,12783479,18696,9157,3933
225627,University of the Incarnate Word,6465,4191,202343642,167858133,8391,11836,4223
225876,Jacksonville College-Main Campus,352,1245,4173121,1327909,6700,1739,2171
225885,Jarvis Christian University,728,5482,16939575,14315036,5947,6386,4484
226231,LeTourneau University,2141,1199,44554759,27831294,5075,10374,3920
226383,Lubbock Christian University,1334,1206,31488730,36631268,3220,7944,6662
226471,University of Mary Hardin-Baylor,3227,1793,75424818,112726473,4703,10900,5977
226587,McMurry University,1105,2186,24902082,106419941,5747,9390,3422
227289,Oblate School of Theology,143,1909,7685740,35551227,14005,35659,15
227331,Our Lady of the Lake University,1880,2130,56954511,43691813,6757,13685,7658
227429,Paul Quinn College,601,5885,14068591,4507005,8073,5349,4102
227845,Saint Edward's University,3050,6269,90474647,133673757,7742,10381,5272
227863,University of St Thomas,3231,1192,83076434,135012778,6538,12533,3614
228042,Schreiner University,1250,1133,31001020,78296935,6004,9618,8047
228149,St. Mary's University,3295,3608,93881749,235365568,6513,11887,5446
228194,South Texas College of Law Houston,938,4232,38074583,51596898,11362,21292,3706
228246,Southern Methodist University,11345,9071,636270000,2024326000,11468,18056,11204
228325,Southwestern Assemblies of God University,1471,1952,27528809,13429780,4613,7995,3238
228343,Southwestern University,1495,4694,60024621,377085053,9986,16062,8879
228468,Southwestern Adventist University,608,1483,21050332,23471980,9582,10682,6583
228866,Texas Chiropractic College Foundation Inc,283,3646,10814882,5359412,11199,15013,5556
228875,Texas Christian University,12021,4856,569838000,2503569000,5759,19710,14646
228884,Texas College,665,1138,11091328,8312578,10474,2857,2210
228981,Texas Lutheran University,1316,2306,40538290,93057629,9461,11050,7617
229160,Texas Wesleyan University,2140,1805,53725953,70099303,5688,9850,6923
229267,Trinity University,2620,6139,138546859,1663739320,12504,20197,10237
229780,Wayland Baptist University,2154,945,47853880,114616109,4316,12615,4341
229887,Wiley University,639,2079,18714796,7645662,15157,4856,6820
230047,Brigham Young University-Hawaii,3351,1613,104736000,205857000,10916,14133,4042
230418,Ensign College,3625,1451,27224000,24331000,2436,2079,1539
230807,Westminster University,1258,5685,51889685,78856401,9060,16353,10150
230816,Bennington College,898,6139,46556922,40749368,10489,22739,10763
230852,Champlain College,2968,4905,80889905,27438005,7291,10463,4594
230889,Goddard College,395,1569,7266326,861669,7251,4569,2169
230995,Norwich University,3321,3246,102293000,262930000,6628,9535,7719
231059,Saint Michael's College,1522,5190,55467888,93377433,8384,10686,9945
231068,SIT Graduate Institute,705,6775,114472066,42511597,11048,39502,1218
231095,Sterling College,95,477,5525934,1086825,28024,25308,4359
231147,Vermont Law and Graduate School,620,3133,27505238,12443467,11249,23121,5787
231420,Averett University,1291,2797,37382989,24708420,6230,10409,8409
231554,Bluefield University,971,0,20083048,7300199,3941,8087,8655
231581,Bridgewater College,1413,5389,40699423,102601810,5432,8268,9558
231651,Regent University,7689,1083,113018000,111032000,2274,3911,5804
232025,Emory & Henry University,1445,3469,47779922,103634884,7710,14294,7388
232043,Eastern Mennonite University,1076,3243,33741059,40675289,6606,13158,7234
232089,Ferrum College,843,1891,22577975,57677711,7351,8527,9013
232256,Hampden-Sydney College,873,4931,45373830,242199104,10058,19893,16947
232265,Hampton University,3321,4867,165522338,356597269,15383,17051,6014
232308,Hollins University,871,4675,32880641,254763313,9088,17553,6083
232609,University of Lynchburg,2647,1630,64291585,135834763,4703,12557,5075
232618,Centra College,157,4312,6164751,162589,7124,21962,1700
232672,Mary Baldwin University,1757,1544,42861073,36621111,7696,10614,4540
232706,Marymount University,2950,4742,84485359,31977707,7850,9175,5538
233295,Randolph-Macon College,1430,3523,51106095,209331307,8635,13321,10855
233301,Randolph College,614,5408,27537315,184607000,11508,17013,10633
233356,Bon Secours Memorial College of Nursing,436,6420,9908582,484542,6684,7402,2220
233374,University of Richmond,4081,14416,290052000,3150033000,14660,24785,15141
233426,Roanoke College,1823,1810,58102576,171694240,8832,12604,8371
233541,Shenandoah University,4358,3146,100394464,77812387,4145,11384,4059
233611,Southern Virginia University,972,1227,24520307,1696182,8135,6508,9357
233718,Sweet Briar College,464,4085,27680730,69913212,23718,21545,10190
233842,Union Presbyterian Seminary,144,18710,13851879,166736783,34221,39162,4101
234137,Virginia University of Lynchburg,847,2471,11787106,2991143,2541,6024,2880
234164,Virginia Union University,1473,2747,43422245,30874196,10239,4758,2717
234173,Virginia Wesleyan University,1698,1260,36478570,115876756,5810,9189,5224
234207,Washington and Lee University,2217,11723,170279000,1973892000,12373,39474,8588
234915,City University of Seattle,1233,2956,29275486,3843124,5817,9171,5800
235024,Cornish College of the Arts,392,9515,20206341,11137341,11360,19023,10323
235316,Gonzaga University,7263,4019,253080000,433820000,6125,14933,9768
235422,Heritage University,792,3491,22829612,33538286,6666,12289,3502
235547,Bastyr University,699,1681,34087698,2595187,19730,22936,3771
236133,Northwest University,978,1624,31847000,10569000,8171,14229,7036
236212,Perry Technical Institute,1084,791,15868619,7231691,4328,7942,1437
236230,Pacific Lutheran University,2727,1623,84911000,117676000,7809,11657,4061
236328,University of Puget Sound,1836,5391,91031000,448621000,9489,23200,10458
236452,Saint Martin's University,1518,4920,43294856,40547844,7431,9077,6913
236577,Seattle Pacific University,2855,1695,89203854,162108000,7752,14749,6342
236595,Seattle University,6172,3348,232416601,297798719,8210,17945,7193
236896,Walla Walla University,1387,2223,43769589,39872609,8314,14624,5322
237057,Whitman College,1480,9253,83294311,732832355,11709,21344,13409
237066,Whitworth University,2459,3002,72443431,189357345,5483,12771,6882
237136,Appalachian Bible College,200,1833,4599655,1911886,6430,5105,3607
237181,Bethany College,616,4190,16921701,51430829,9040,5918,8321
237312,University of Charleston,2692,1185,43367948,56895188,2718,6573,3847
237358,Davis & Elkins College,702,1485,18651691,64031427,6338,10000,8735
237969,West Virginia Wesleyan College,904,2883,21283164,79166880,4931,8381,7348
238078,Wheeling University,726,1128,15975352,1312363,5561,7622,6879
238193,Alverno College,1500,2769,40404737,38632746,8874,10846,4287
238324,Bellin College,551,3202,17110962,14737519,14926,10839,2088
238333,Beloit College,1027,4811,41129867,85638410,14060,11669,8509
238458,Carroll University,3386,3708,73303085,86232826,4353,8925,4629
238476,Carthage College,2933,2234,68849294,149045261,6485,9794,4675
238616,Concordia University-Wisconsin,4266,3039,94037292,124996806,3228,10559,4393
238661,Edgewood College,1497,4834,36533958,65527533,4715,9908,4666
238980,Lakeland University,1400,2847,31882671,19847162,3005,8804,5681
239017,Lawrence University,1513,3555,72454911,443506343,11702,20408,10794
239071,Maranatha Baptist University,810,1769,15745033,280546,3946,7539,2334
239080,Marian University,1197,1981,27544745,10062299,4650,6031,6606
239105,Marquette University,10892,5152,408973000,916804000,5273,14409,7112
239309,Milwaukee Institute of Art & Design,898,3525,19867331,3783935,4720,10369,3510
239318,Milwaukee School of Engineering,2638,1744,82371331,82872635,8448,13424,4369
239390,Mount Mary University,1084,1568,26084839,27206462,7848,10794,3838
239424,Nashotah House,92,3464,4388721,9003567,30049,8443,5747
239512,Northland College,514,1381,17282005,6554846,8388,10727,9049
239628,Ripon College,786,1756,25081105,112583784,7026,12462,8340
239637,Sacred Heart Seminary and School of Theology,119,0,4653942,12381556,14929,19772,4407
239716,Saint Norbert College,1982,2705,71318493,170287239,13921,12241,6519
240107,Viterbo University,1996,1481,40152748,64974762,4494,8298,4774
240338,Wisconsin Lutheran College,1059,2485,27491361,47018413,5659,10318,6949
241191,Universidad Adventista de las Antillas,794,1202,9431426,134104,3065,4445,1240
241225,Universidad Central de Bayamon,554,2760,10433015,1391603,6229,4609,2937
241331,Albizu University-San Juan,2826,1101,37499142,1168876,3571,2781,492
241377,Caribbean University-Bayamon,715,896,12685130,266034,8158,6910,1777
241386,Caribbean University-Carolina,121,346,969070,17377,3149,2667,686
241410,Pontifical Catholic University of Puerto Rico-Ponce,4970,487,40716706,19056294,2013,4629,931
241739,Universidad Ana G. Mendez-Cupey Campus,4450,431,56820495,28440968,3972,4804,2768
242121,Humacao Community College,208,2182,3668461,1319714,5158,4810,0
243346,Universidad Ana G. Mendez-Carolina Campus,3826,473,39187765,24453711,3874,4297,1164
243443,Universidad del Sagrado Corazon,3730,1339,39865168,22654995,2507,4447,1995
243498,Seminario Evangelico de Puerto Rico,72,2063,1048486,733563,4396,5463,1885
243568,Universidad Central Del Caribe,508,5523,21718432,5954996,7054,10928,1251
243577,Universidad Politecnica de Puerto Rico,3866,439,38301408,23696861,934,2887,1130
243601,Universidad Ana G. Mendez-Gurabo Campus,7682,287,70333243,29329658,3303,4129,776
243823,Parker University,2349,2658,59821000,40237000,9154,10006,3348
243832,EDP University of Puerto Rico Inc-San Juan,1221,1129,12720990,1958364,3482,3535,1989
245652,St. John's College,517,3123,22654161,103700921,9951,16533,11296
245953,Mid-America Christian University,1504,1071,19160612,3576281,3613,3627,4429
247649,Landmark College,445,8107,25890522,27191058,23941,15505,10627
363907,Caribbean University-Ponce,424,206,1733021,36345,1879,1592,409
363916,Caribbean University-Vega Baja,144,317,904466,18969,2888,2446,629
366252,Pennsylvania College of Technology,3720,4407,140700866,29397927,9420,20107,3052
366368,New York Academy of Art,110,0,8507522,564684,33451,13781,1196
367884,Hodges University,410,5852,19072575,3037863,19969,14818,5880
381459,Phoenix Seminary,195,2828,6261834,1479139,12165,11511,5541
384254,Beacon College,468,7050,17778071,1863582,11031,8556,11349
388520,College of Biblical Studies-Houston,254,3883,8834029,237820,9846,10616,10435
407629,Lake Erie College of Osteopathic Medicine,4472,1094,114927411,4326758,9118,13976,1203
409616,Roger Williams University School of Law,556,3127,14548657,21738992,2002,15031,6007
414966,Phillips Theological Seminary,55,18906,7643188,131776610,45612,25849,7018
417752,Messenger College,20,3703,824883,837406,12562,4774,4840
420246,Sonoran University of Health Sciences,507,12110,20611218,1224582,4678,21668,0
423643,Midwestern University-Glendale,4300,7723,232322740,3002503,7459,32447,2309
426314,Embry-Riddle Aeronautical University-Worldwide,7019,1107,76864000,6465000,2166,5682,1594
432348,Appalachian School of Law,162,6049,9267506,3969270,24344,19708,7106
432524,Delaware College of Art and Design,114,1380,4269051,997761,12722,6826,7776
434016,Little Priest Tribal College,123,3891,5757558,1727786,20999,11059,2265
439701,The King's University,356,5491,11373253,5416283,11736,8239,6481
439817,Northeastern Seminary,100,585,2580263,5581459,7057,7667,10494
439899,Rosedale Bible College,78,1755,1687164,512638,6954,5383,4063
440031,Keck Graduate Institute,661,7649,37578350,69753680,18789,18021,6295
440396,New Saint Andrews College,270,286,4656231,151701,8327,8162,470
440794,Pillar College,670,1114,9333129,273785,6269,5293,1254
441104,Richmont Graduate University,306,2415,9029109,2185659,5112,7819,2183
442064,Won Institute of Graduate Studies,129,715,2724323,2507591,7775,8382,1643
442295,Ave Maria School of Law,317,6928,12460066,2183851,10860,13823,7331
442356,Pennsylvania College of Health Sciences,1297,3014,38332649,11860259,11602,12487,2452
442781,Tohono O'odham Community College,733,1980,16653753,2245160,7161,3029,2353
442806,Edward Via College of Osteopathic Medicine,2458,3086,110356908,27364257,7993,24924,5091
443076,Hood Theological Seminary,89,2071,3452448,9324494,18401,18319,0
443702,"Bexley Hall Seabury Western Theological Seminary Federation, Inc.",40,0,2375028,23933110,18275,41101,0
444398,Baptist University of the Americas,53,3258,2467775,4103344,28421,7354,7529
445708,Johnson & Wales University-Charlotte,1083,2883,38265604,8910847,6512,14515,11390
445735,Roseman University of Health Sciences,1783,6683,102906314,30387734,18202,18565,2116
445869,Divine Mercy University,387,4160,10105769,163118,4309,10020,5116
446048,Ave Maria University,1415,1524,43892034,8989288,6967,11817,10711
446640,Harrisburg University of Science and Technology,2651,2370,72547915,1251035,5865,13550,5144
447953,SUM Bible College and Theological Seminary,573,1114,3418737,95960,805,2067,851
449764,Visible Music College,227,140,5929262,10900,4843,11019,3644
449834,Virginia Beach Theological Seminary,22,1197,731911,865576,2666,18652,3792
449870,University of the West,105,10617,6858799,16027210,27643,20930,3279
449922,Appalachian College of Pharmacy,183,1775,7355650,486299,8232,24356,5832
451927,Patrick Henry College,383,0,10864747,2772014,5091,12338,5746
455406,Pacific Northwest University of Health Sciences,634,7356,37935137,2359908,14347,27572,4795
455770,Providence Christian College,143,1847,5660993,25322,12371,9573,12537
455992,Vermont College of Fine Arts,236,10398,9030178,472529,10543,9129,6547
456542,Geisinger Commonwealth School of Medicine,653,12595,48923887,5148675,9887,29024,6040
457271,Academy for Jewish Religion California,58,7080,1679812,25451,6829,15054,0
458113,Ascent College,66,642,760561,79288,4479,2328,4075
459824,Touro University Nevada,1681,6697,66540000,5846624,12415,14117,5563
461032,Carolina College of Biblical Studies,103,3576,1516487,508219,4521,2379,3149
461120,Omega Graduate School,31,1035,419345,285075,3823,6375,0
461528,Manna University,158,2680,1692364,37260,3194,1188,1549
462044,Institute for Doctoral Studies in the Visual Arts,52,3080,1548271,1101158,11102,12723,2869
462354,John Paul the Great Catholic University,354,0,9491293,42136,8051,18760,0
475608,Criswell College,108,10919,7845097,8786887,21504,27029,13188
481225,Mid-South Christian College,19,4102,969292,178922,38365,6075,1842
483018,Antioch College,106,12570,11301917,20256175,26708,17276,19041
483975,Alabama College of Osteopathic Medicine,766,3565,33920768,205573,17535,20319,2282
485698,American College of the Building Arts,148,1017,3434139,1914780,3867,14882,895
486053,Bethlehem College & Seminary,216,6181,4788378,126971,3335,10012,719
486901,Milligan University,1155,1378,26371314,49949904,5893,9701,5861
487092,Emory University-Oxford College,1144,21305,49275000,79611000,0,12762,7578
487524,Husson University,2839,3635,51460768,28156898,2951,7031,4509
488305,Elim Bible Institute and College,93,2344,1850285,53958,4609,9838,3105
488527,Arkansas Colleges of Health Education,817,4650,42220863,6222113,16358,17346,2507
488721,NationsUniversity,511,219,781121,636372,759,20,530
489937,Carolina University,631,1552,9339108,2854586,4988,5119,2635
490753,Maine Media College,35,11430,3283411,1183691,21583,36829,4937
492209,Reiss-Davis Graduate School,38,17370,1584095,1101393,9702,7141,6002
492801,Drury University-College of Continuing Professional Studies,658,0,5247530,513578,639,7328,9
493619,Young Americans College of the Performing Arts,13,0,7500,80000,0,577,0
494603,The Southwestern Baptist Theological Seminary,1437,4691,33057469,147259340,10555,6238,1521
494630,Christ Mission College,41,477,794955,540000,11493,1402,6017
495314,Hackensack Meridian School of Medicine,494,19565,32104364,135178345,20538,11092,11380
